Код;30;60;90;180;365
27877;12;12;12;12;12
34565;24;24;24;24;50
37112;10;10;10;10;10
34563;9;19;30;42;83
34561;30;38;46;102;159
34534;12;12;12;92;119
34562;30;45;64;151;220
28091;9;9;18;26;26
28086;4;4;4;4;4
36850;11;25;35;36;36
36832;16;16;16;16;16
37568;30;33;33;33;33
36845;15;29;41;57;57
38296;22;22;22;22;22
38291;16;16;16;16;16
31063;12;12;12;12;12
6561;30;36;36;36;36
28218;3;4;4;4;4
28087;18;18;18;18;18
34540;12;12;12;47;81
37294;22;22;22;22;22
31095;30;56;65;65;65
34394;30;32;37;124;142
37006;26;26;26;26;26
36332;19;23;23;23;23
27882;20;20;20;20;20
34591;16;27;28;85;149
36475;13;19;19;20;48
34541;21;25;25;45;72
34542;22;34;39;77;100
36341;6;6;6;6;87
28153;23;27;38;52;52
37289;27;56;76;126;126
28578;26;26;26;26;26
25445;6;6;11;100;189
36369;29;56;82;152;197
36373;11;38;54;88;101
37286;20;20;20;74;74
28421;15;37;38;68;152
37281;30;59;64;102;102
34241;30;42;42;77;79
36738;30;34;34;34;115
36345;30;33;52;141;213
36374;15;15;15;42;65
34503;18;18;30;110;143
36379;15;39;39;66;96
37116;18;18;26;35;35
37635;5;5;5;5;5
36426;8;8;8;8;8
2804;6;6;6;29;42
34613;30;56;76;133;138
34608;30;54;78;136;160
36360;27;42;42;42;42
36740;30;35;35;35;35
36371;30;33;33;33;33
24915;15;33;45;114;149
28871;17;17;17;17;65
28590;15;15;15;15;20
28498;14;14;14;14;129
34269;7;7;26;112;133
28518;3;3;3;3;3
36936;20;20;20;49;49
28343;23;27;27;27;27
35658;23;23;23;23;23
6849;7;7;8;13;27
26862;5;5;22;53;91
28446;30;34;34;34;34
37188;22;24;24;50;50
28835;5;12;33;85;145
26867;30;45;45;73;97
37187;25;40;40;59;59
36926;30;36;36;36;36
36916;26;26;26;26;26
26872;10;20;46;135;258
34491;30;59;61;61;61
34523;30;45;45;45;45
34501;6;6;6;6;36
36938;30;55;81;156;156
34606;30;54;68;114;129
35664;19;36;47;93;97
37019;16;16;16;16;16
36793;16;16;16;65;71
37342;30;59;59;59;59
36372;27;54;80;85;85
34607;30;54;80;133;152
36338;30;50;60;108;113
35657;30;47;70;70;94
36368;30;36;43;45;57
2818;9;9;16;44;53
34589;19;36;37;123;164
28683;24;40;43;69;90
33454;8;35;61;102;126
36798;26;26;26;76;76
37290;13;22;38;38;38
28840;20;20;26;39;62
20629;18;19;19;19;19
2902;5;5;15;27;27
3054;5;5;5;10;29
28362;30;59;65;122;238
26999;30;53;53;55;64
28822;19;36;56;70;151
36065;26;26;39;54;54
22581;7;25;34;49;62
2941;19;25;25;25;36
37686;24;24;24;24;24
35632;21;23;23;35;35
21447;9;19;19;19;23
36283;17;17;17;17;17
35713;17;17;17;27;27
24815;16;16;16;20;37
27423;14;14;14;14;103
23626;14;14;14;15;52
29983;12;12;12;24;40
33512;5;12;12;12;20
7542;8;8;10;22;53
36853;30;46;46;46;46
31915;8;34;34;66;144
26861;30;32;56;81;96
34552;27;27;27;27;55
33058;16;16;16;16;16
2817;11;11;11;14;37
32908;4;4;4;30;79
37341;30;59;59;59;59
37190;25;51;67;88;88
32946;30;46;46;46;46
28447;30;36;36;37;40
34610;30;36;36;36;36
3027;30;34;34;34;34
33556;19;29;35;35;47
32934;17;21;21;21;33
2089;14;16;16;16;16
3337;15;15;17;17;27
34553;8;10;10;23;49
37023;8;8;8;17;17
28815;8;8;25;51;139
33241;8;8;8;8;26
36302;8;8;14;14;14
364;6;6;6;6;18
36713;30;54;54;69;110
37394;24;50;70;83;83
34143;20;34;34;34;34
293;30;32;32;32;53
33757;18;31;33;33;33
7822;25;25;51;140;263
33358;11;21;38;38;39
28712;19;19;19;36;60
2340;19;19;19;32;38
32880;11;17;17;17;17
37015;16;16;16;41;41
33225;16;16;16;22;44
21448;6;16;23;53;112
21819;14;14;14;20;32
2504;14;14;14;24;25
37674;12;12;12;12;12
36796;10;10;15;29;82
28727;8;8;8;8;20
36714;8;8;8;90;116
28711;6;6;6;25;26
26864;30;51;73;107;145
18757;26;38;38;66;66
28075;30;36;36;36;36
27508;30;35;35;42;42
36877;11;35;35;35;35
28092;30;34;34;34;120
6480;19;29;29;117;240
2123;24;24;24;24;30
28864;20;20;20;20;45
33369;19;19;19;19;19
38326;19;19;19;19;19
37678;18;18;18;18;18
33395;6;16;17;17;24
2088;14;14;14;14;32
11831;11;14;14;14;20
19760;12;12;12;13;17
33548;11;11;11;11;11
37692;10;10;10;10;10
36772;8;8;8;46;66
33399;7;7;7;7;22
6374;4;4;4;4;17
2353;4;4;4;4;24
26273;3;3;3;3;3
29252;30;59;73;73;78
37027;30;56;71;97;97
32898;30;53;53;85;108
37373;30;50;50;50;50
36632;30;41;46;46;46
37302;20;38;46;46;46
34530;23;37;37;83;162
5566;21;34;34;123;246
32932;26;32;40;43;86
37700;28;28;28;28;28
33777;25;25;25;25;25
28863;20;20;20;20;20
37693;19;19;19;19;19
27560;19;19;19;19;40
38621;19;19;19;19;19
29721;17;17;17;17;31
2347;17;17;17;17;17
27559;16;16;16;16;25
33653;16;16;16;16;16
33271;16;16;16;16;27
24924;15;15;15;15;15
24929;14;14;14;14;14
34532;14;14;14;14;14
38156;13;13;13;13;13
36922;12;12;12;32;32
2771;10;10;10;10;27
38533;10;10;10;10;10
37331;10;10;10;10;10
25287;9;9;9;9;9
20626;9;9;9;9;15
33721;9;9;9;9;35
35818;6;6;30;32;32
38044;6;6;6;6;6
2497;5;5;14;16;24
33694;5;5;5;5;5
18703;30;59;67;67;67
37395;30;59;80;80;80
36287;30;59;68;68;68
28136;30;59;60;60;146
28138;30;59;59;59;59
34556;30;59;74;132;221
29558;30;57;57;57;57
37069;30;51;57;121;121
37067;19;48;74;78;78
37065;19;48;74;75;75
28107;30;46;46;46;60
37165;30;45;55;55;55
37160;30;38;38;38;38
29552;26;26;26;26;119
23599;14;24;47;47;47
33775;22;22;22;22;22
36340;19;19;19;61;90
5525;18;18;18;18;18
38045;16;16;16;16;16
2432;15;15;15;103;226
37544;15;15;15;15;15
36866;15;15;15;15;15
36867;14;14;14;14;14
37849;13;13;13;13;13
32848;12;12;12;12;12
38334;10;10;10;10;10
38422;10;10;10;10;10
38431;10;10;10;10;10
38331;9;9;9;9;9
33583;8;8;8;8;24
37921;8;8;8;8;8
32938;7;7;7;8;8
29623;6;6;6;6;12
33718;6;6;6;6;6
37793;5;5;5;5;5
33281;4;4;4;4;4
36849;30;59;85;89;89
34559;30;59;84;113;140
6661;30;59;85;153;177
28329;30;59;85;156;200
28080;30;59;85;148;247
28210;30;59;85;174;210
25900;30;59;85;174;230
35976;30;59;85;174;214
34521;30;59;85;174;215
34484;30;59;71;71;71
36377;30;59;85;163;163
36380;30;59;85;174;192
36709;30;59;85;92;92
37071;30;59;85;123;123
36927;30;59;85;150;150
36623;30;59;85;174;206
36621;30;59;85;174;246
36624;30;59;85;120;120
36631;30;59;85;174;187
36628;30;59;85;104;115
7489;30;59;85;174;297
37398;30;59;80;80;80
37399;30;59;82;82;82
37391;30;59;85;90;90
2784;30;59;85;174;297
2786;30;59;85;174;297
2787;30;59;85;174;297
2376;30;59;85;174;297
2847;30;59;85;174;297
2378;30;59;85;174;297
28109;30;59;85;147;244
28093;30;59;85;125;126
29560;30;59;85;131;185
34447;30;59;85;173;217
29728;30;59;85;142;186
36291;30;59;85;174;210
36292;30;59;85;160;160
37167;30;59;85;93;93
34382;30;59;85;156;242
37333;30;59;85;90;90
37196;30;59;85;92;92
35671;30;59;81;134;151
29554;30;59;85;160;178
29556;30;59;85;169;211
33004;30;59;85;160;160
33474;30;59;85;114;121
6660;29;58;84;173;220
28497;27;56;82;108;161
6639;30;53;53;53;53
28036;30;36;36;36;36
28068;30;36;36;36;36
35666;7;24;42;89;115
32826;7;17;43;132;255
36884;4;7;33;33;33
37126;6;6;6;6;6
2072;6;6;6;15;24
33264;6;6;6;33;33
37266;5;5;5;5;5
36479;4;4;4;30;112
33235;4;4;4;4;8
38494;4;4;4;4;4
38496;4;4;4;4;4
36348;3;3;22;111;166
37586;3;3;3;3;3
37268;3;3;3;3;3
28154;30;59;85;99;99
28067;2;5;5;34;140
36807;2;2;21;110;146
24920;2;20;21;54;85
12001;17;42;50;86;112
34590;14;37;38;95;153
1572;2;5;14;14;25
36943;2;26;52;98;98
2395;12;15;15;15;21
37030;10;13;30;68;68
36851;2;2;2;2;2
33382;17;17;17;17;23
37379;2;2;2;2;2
36277;2;2;2;2;2
3066;2;2;2;2;17
36812;20;20;20;20;20
38425;2;2;2;2;2
32872;1;1;7;12;23
1637;1;1;1;13;36
9340;1;1;1;1;1
35503;1;1;1;1;1
27885;2;2;2;2;2
28038;0;0;0;0;3
28216;0;0;0;0;0
28232;0;0;0;0;0
31096;0;0;0;12;17
27938;0;0;0;6;6
28215;0;0;0;26;26
28035;0;0;0;0;0
28287;0;0;0;19;63
19712;0;0;0;0;1
26083;0;8;8;8;17
27884;0;0;0;0;0
37106;6;6;6;15;15
27907;0;0;0;0;0
27945;0;0;1;1;12
28217;0;0;0;0;0
28039;0;0;0;0;0
27906;0;0;0;0;0
28037;3;3;3;3;3
6594;0;0;9;9;9
37120;11;11;14;47;47
28231;0;0;0;0;0
30309;0;0;0;8;18
28076;0;14;40;81;204
6596;0;0;0;0;0
37103;6;15;15;40;40
27937;1;1;1;2;2
37107;18;31;31;70;70
37043;0;0;2;2;2
28230;0;3;3;4;4
28269;0;0;0;10;10
27876;10;10;10;10;10
36450;0;0;0;0;50
36444;0;0;0;0;50
27879;0;0;0;0;0
37111;0;0;0;21;21
37108;0;0;0;0;0
34560;0;10;29;44;70
27941;0;0;0;0;9
27942;0;0;0;14;28
28265;0;0;0;0;0
37104;0;0;0;59;59
29114;0;0;6;6;6
28040;0;0;0;0;26
28058;0;0;0;0;0
27911;0;0;0;0;0
28066;0;0;0;0;0
37117;6;6;6;23;23
37575;7;7;7;7;7
28288;0;0;2;12;27
36442;0;0;0;0;55
28095;0;4;4;4;22
6593;0;0;0;0;3
37535;1;1;1;1;1
37640;0;0;0;0;0
37565;0;0;0;0;0
34539;0;0;0;14;41
28089;0;0;1;37;49
28082;0;13;13;13;13
27883;0;0;0;0;0
28083;0;1;1;1;1
27904;0;0;0;0;0
27892;0;0;0;0;0
30294;0;0;0;0;0
28105;0;0;0;0;0
28059;0;0;0;0;0
28069;0;0;0;0;0
28284;0;0;0;0;0
36835;0;0;2;31;31
28085;2;2;2;2;2
27880;0;0;0;0;0
27946;0;0;4;4;15
28330;0;0;0;20;20
37100;0;0;7;46;46
6560;0;0;0;0;0
27909;4;6;6;6;6
28228;0;0;0;0;0
28033;1;1;1;1;1
36445;0;0;0;0;35
36436;0;14;40;94;94
28090;3;6;6;6;6
27893;0;0;0;0;0
27968;0;0;0;0;0
28448;0;0;15;60;81
36437;0;0;0;0;0
36848;0;14;40;56;56
37644;0;0;0;0;0
36829;0;0;1;1;1
36831;0;0;1;1;1
37523;0;0;0;0;0
34326;0;0;15;45;45
28208;0;0;0;6;6
29115;0;0;0;0;0
19262;0;0;9;37;56
24922;0;18;23;68;176
27878;0;0;0;0;0
28088;0;2;2;2;3
28081;0;0;0;0;10
2572;0;0;3;3;9
37532;0;0;0;0;0
37102;0;0;0;10;10
28099;0;7;7;7;17
28100;0;5;5;35;35
36333;5;8;13;81;122
34538;0;0;0;24;50
27920;0;7;13;54;88
28034;0;0;0;0;0
37105;0;0;0;3;3
28150;0;0;0;0;0
37099;0;0;0;0;0
24914;0;11;18;42;68
26866;9;11;31;67;106
37119;6;24;36;46;46
28227;0;0;0;0;0
33246;0;0;0;0;5
28070;0;0;0;0;0
36335;0;0;0;0;0
24917;11;28;54;143;266
34005;0;0;0;0;9
36334;2;12;15;46;53
30311;5;11;21;22;31
36846;0;0;1;2;2
36847;0;0;1;2;2
38288;0;0;0;0;0
38289;0;0;0;0;0
38292;0;0;0;0;0
38293;0;0;0;0;0
38295;0;0;0;0;0
28289;0;0;0;28;55
37519;0;0;0;0;0
37649;0;0;0;0;0
37647;0;0;0;0;0
28271;0;0;0;0;14
36434;2;8;8;8;8
3313;0;0;0;0;0
28084;0;0;0;0;0
2277;0;0;0;8;9
2276;0;0;0;32;32
28549;23;52;61;61;61
28858;23;47;47;47;47
28594;23;35;54;117;117
2034;0;1;10;10;19
28588;0;0;0;0;0
27908;0;0;0;4;29
36339;0;0;0;0;0
28102;0;0;0;0;0
2607;0;1;1;73;93
36466;2;31;57;101;101
36838;0;14;39;40;40
28060;0;0;0;0;0
34609;0;0;0;0;0
26860;1;4;4;22;44
37583;0;0;0;0;0
26884;0;3;22;95;178
34168;2;14;16;64;87
2841;3;3;3;77;112
12002;3;3;10;99;185
28861;23;52;52;52;52
36346;23;26;45;97;143
34504;5;20;20;20;20
28581;0;11;30;107;107
26994;0;0;0;4;22
28884;0;0;19;89;145
28535;0;0;0;0;0
28584;0;0;0;0;86
34238;0;0;0;0;0
2280;0;0;0;7;21
26993;0;0;0;8;28
28145;0;0;0;0;47
11272;0;0;6;6;6
26992;0;0;0;30;30
22703;0;0;0;7;35
36323;5;10;15;50;50
28211;0;6;14;21;63
6559;0;0;0;0;0
30308;0;0;0;0;0
37533;0;0;0;0;0
37552;0;0;0;0;0
34543;0;0;0;0;0
2604;9;9;12;12;42
6772;0;12;18;33;52
26995;0;0;0;0;11
2605;0;7;7;38;55
28065;0;0;0;0;0
26875;9;20;23;54;123
25893;0;0;0;9;9
31714;6;13;22;41;46
28445;0;0;0;0;0
11682;0;0;0;36;71
2845;0;0;0;10;10
26865;4;22;39;72;103
26868;21;21;21;89;118
26990;0;0;0;8;39
2831;0;0;3;35;77
28586;23;52;52;52;52
36808;23;51;70;159;216
28568;23;42;61;150;207
37458;23;32;32;32;32
37287;2;31;40;84;84
37280;2;31;40;94;94
36343;23;27;46;133;133
26885;0;11;19;88;189
34537;0;10;27;27;27
2750;8;8;9;9;17
37005;0;7;7;7;7
37241;0;0;0;0;0
28602;0;0;0;0;0
28854;0;0;0;0;0
31388;0;0;0;0;0
28532;0;0;0;0;0
37113;0;0;7;42;42
2851;0;0;3;4;17
31065;13;17;22;79;156
36441;0;0;0;0;39
26997;0;0;0;0;3
2533;0;0;5;14;25
2267;0;3;8;8;16
27305;0;0;0;18;49
2585;0;0;11;19;43
26989;0;0;0;10;29
27000;0;0;0;88;100
34528;0;0;0;0;0
36470;0;0;0;36;52
32944;12;26;43;67;105
24813;5;7;21;41;103
28101;0;0;0;0;0
34587;0;0;7;55;105
13372;9;10;10;10;29
34045;0;0;0;0;0
36424;2;18;18;59;110
26692;0;14;14;41;62
34588;3;11;19;62;126
36515;0;8;8;57;93
2380;0;0;0;9;9
28819;5;14;24;53;94
3017;0;6;6;6;15
37403;0;5;10;10;10
27955;0;0;0;0;0
37118;0;0;0;0;0
28061;0;0;0;0;0
28079;0;0;0;0;0
37407;0;0;0;0;0
26871;0;0;20;49;102
26988;0;0;0;0;5
23306;0;0;0;31;31
2269;0;1;1;12;21
12000;8;16;20;20;46
28399;2;4;4;25;125
26577;0;3;11;47;78
22721;0;2;7;44;112
34611;0;17;26;89;152
27002;0;0;0;12;16
36454;0;0;0;0;0
28865;25;44;51;116;164
28104;0;14;14;44;44
36425;2;7;7;7;7
20625;0;4;6;34;53
26873;0;3;3;45;120
26878;0;0;0;27;62
28063;0;0;0;0;0
28064;0;0;0;0;0
20670;0;0;0;15;15
2697;0;0;0;12;21
34585;0;0;0;25;76
34169;15;35;42;96;125
34527;0;0;0;0;0
34502;0;0;0;0;0
2864;0;0;0;72;75
28441;2;28;28;70;149
29038;8;8;18;30;72
28221;0;4;8;34;38
26869;0;0;0;10;49
2744;0;0;0;33;44
2793;0;0;16;47;84
2608;12;23;26;61;69
28407;2;19;20;59;141
34167;2;17;18;77;113
2306;0;3;9;15;33
26991;0;0;0;12;32
28273;0;0;0;0;0
36337;0;0;5;29;29
29609;0;0;0;0;0
26589;0;0;0;15;29
28147;0;0;13;102;205
34395;0;0;5;40;40
34533;0;10;21;66;164
36459;2;8;8;8;8
35628;0;6;6;15;39
9799;0;0;0;9;9
2603;0;0;0;15;33
2830;0;0;5;48;93
2532;0;0;8;24;24
2810;0;0;4;29;65
34044;0;0;0;4;14
2858;0;0;1;20;44
2867;0;0;0;30;59
28346;0;0;0;0;2
28531;23;52;61;61;61
28544;23;52;53;53;58
31390;23;52;54;72;72
33118;23;52;63;63;63
34242;23;52;60;60;60
34243;23;47;47;54;110
34187;23;43;43;43;48
28585;23;40;40;40;40
36325;18;33;38;62;62
28495;23;32;37;53;53
28408;11;32;50;89;162
37288;2;31;40;92;92
37276;5;28;29;39;39
36381;0;27;36;63;81
36383;0;21;21;48;60
36511;5;14;23;23;23
36506;5;10;10;10;72
36456;0;6;6;47;130
9549;0;5;12;51;61
28056;0;0;0;0;0
28103;0;0;5;5;6
36344;0;0;0;0;75
36782;0;0;0;0;0
28599;0;0;19;81;146
33692;0;0;0;0;0
29603;0;0;19;95;95
28577;0;0;0;0;0
28579;0;0;19;104;132
28575;0;0;0;0;0
28593;0;0;19;108;144
28533;0;0;0;0;0
28550;0;0;19;108;156
34272;0;0;0;0;5
34275;0;0;0;0;0
28507;0;0;19;94;130
37408;0;0;0;0;0
37412;0;0;0;0;0
37210;0;0;2;2;2
36376;0;0;0;27;79
30295;0;0;0;0;0
34572;0;0;0;13;19
2469;0;0;7;20;38
33639;0;0;0;0;0
2474;0;0;17;40;59
2870;0;0;0;15;42
38067;21;25;25;25;25
25898;22;23;28;74;100
2278;0;6;6;11;11
34417;0;0;0;13;37
34586;0;0;1;52;110
1340;2;19;34;37;51
28398;0;16;21;59;165
26691;0;12;29;73;77
2410;6;7;7;42;78
28239;0;2;4;4;4
26863;0;0;0;24;41
27301;0;0;0;27;60
28793;0;0;0;0;12
2814;0;0;0;0;0
22659;0;0;0;10;34
37031;0;18;37;81;81
28406;2;9;9;37;122
34566;0;7;7;19;19
2821;4;5;17;44;57
26880;2;2;2;28;61
34008;1;2;5;17;17
22301;2;2;2;39;50
2752;0;1;2;8;16
2210;0;0;0;0;0
2609;0;0;5;36;48
2698;0;0;6;6;30
2318;0;0;4;36;62
2873;0;0;6;7;11
36326;5;24;32;61;61
32678;0;17;22;34;65
2264;0;9;9;12;17
3060;0;9;9;14;26
28220;0;6;16;23;23
36162;5;5;5;5;22
2209;0;0;0;0;0
2677;0;0;0;18;36
28403;0;0;0;21;86
28434;11;33;47;53;104
28837;7;22;32;76;108
32460;1;21;26;69;173
2173;16;17;29;31;59
32952;10;10;15;57;69
26591;0;3;3;3;11
23594;2;2;13;28;35
26996;0;0;0;15;39
28094;0;0;0;0;0
36427;0;0;0;0;0
32896;0;0;23;86;95
36431;0;0;0;0;0
36043;0;0;0;23;42
28442;13;19;19;20;76
26781;0;17;43;67;185
36954;8;15;15;54;54
32985;8;11;11;29;41
4135;6;6;6;6;6
2158;0;6;6;16;16
2850;0;4;10;13;13
36440;0;0;0;0;46
27001;0;0;0;4;4
32511;0;0;6;16;67
36967;0;0;0;10;10
2679;0;0;9;9;9
2041;0;0;0;21;31
28820;0;17;33;62;62
36797;10;16;23;52;99
29980;0;9;9;21;89
2047;0;5;6;34;43
24916;0;3;15;52;97
32344;2;3;3;41;88
1828;1;1;1;2;2
27003;0;0;0;7;8
2673;0;0;0;7;12
26576;0;0;0;11;43
34575;0;0;0;5;31
26016;0;0;0;14;72
2861;0;0;0;0;26
28344;0;0;0;0;0
34106;21;33;38;127;250
36947;0;24;50;67;67
32342;2;17;29;31;31
29601;0;16;16;16;30
2996;14;14;14;14;20
35027;6;12;20;32;42
2272;12;12;18;18;45
2482;4;11;11;11;11
35502;11;11;11;11;11
32336;0;11;11;11;11
26876;0;10;36;125;204
2760;0;10;10;10;10
32345;2;8;8;47;68
2254;0;7;9;31;44
1822;0;7;7;11;50
2680;0;5;13;29;54
34496;0;0;12;21;21
34506;0;0;0;0;0
34522;0;0;0;0;0
34487;0;0;0;0;0
34492;0;0;0;0;0
2807;0;0;0;0;0
33540;0;0;0;0;21
2260;0;0;0;34;49
28812;0;0;0;0;0
2231;0;0;7;7;7
2219;0;0;4;4;4
34580;0;0;0;28;64
2412;0;0;0;12;23
32951;0;0;14;49;74
2478;0;0;0;11;12
35659;0;0;0;62;88
34105;22;26;26;26;79
2273;12;25;30;32;43
36917;0;24;31;31;31
33455;7;23;23;23;52
25361;16;18;18;18;18
26778;0;17;43;80;115
32600;0;15;21;45;150
26690;0;14;14;69;73
37021;0;13;24;24;24
34592;2;11;14;16;16
26262;11;11;11;11;19
26858;1;10;10;38;58
37022;0;5;14;45;45
2473;4;5;5;5;14
2379;0;3;9;11;11
2534;1;3;10;12;15
2736;0;3;13;13;25
35630;0;0;0;21;46
6592;0;0;0;1;53
2597;0;0;2;22;22
2766;0;0;0;10;10
2313;0;0;5;9;9
38319;0;0;0;0;0
36455;0;0;0;19;65
33424;0;0;7;31;66
2842;0;0;0;43;56
2483;0;0;0;0;0
2480;0;0;0;0;0
34597;0;0;0;0;13
28404;0;0;0;1;59
2279;0;0;7;28;39
28436;8;31;43;66;100
28437;8;31;31;33;97
9366;7;30;46;46;93
36382;0;27;45;72;190
36367;0;27;53;100;100
28405;2;26;38;64;141
24850;22;25;25;25;25
35668;8;25;42;101;134
24895;0;22;32;47;59
2606;20;20;29;41;44
33425;7;15;15;15;58
34614;0;15;33;61;61
36513;5;14;14;48;130
28402;8;14;15;16;86
37018;5;11;11;11;11
33507;0;10;36;39;62
27406;0;7;7;15;23
37020;6;6;6;6;6
2683;0;6;13;55;55
28252;0;4;6;18;40
28400;0;4;15;30;108
22722;0;3;9;9;61
26140;1;1;10;24;28
38062;0;0;0;0;0
28226;0;0;0;0;0
27940;0;0;0;0;0
28062;0;0;0;0;0
37115;0;0;0;0;0
36502;0;0;5;5;10
36505;0;0;0;0;0
37406;0;0;0;0;0
36514;0;0;5;27;85
36495;0;0;5;5;38
36509;0;0;7;27;89
36477;0;0;0;0;87
36483;0;0;0;0;0
36498;0;0;2;2;2
37411;0;0;0;0;0
36375;0;0;0;27;64
37278;0;0;0;54;54
1964;0;0;0;0;7
6597;0;0;0;47;102
2563;0;0;7;7;7
2282;0;0;7;14;33
33479;0;0;0;0;0
2467;0;0;0;0;0
2487;0;0;0;6;16
2812;0;0;0;8;8
28401;0;0;16;24;96
34548;0;0;0;0;0
20621;0;0;0;31;84
32978;12;37;47;76;96
25316;22;26;26;26;26
32405;1;22;31;31;31
37029;5;19;19;65;65
32986;8;18;29;29;59
37024;0;16;29;42;42
35254;0;16;16;49;91
2844;0;12;16;31;63
20618;10;10;10;13;16
26693;0;10;10;27;57
5563;0;9;9;36;69
2713;0;8;8;13;13
28435;2;8;20;27;114
2739;0;7;14;14;22
33573;7;7;7;33;92
2307;6;6;8;8;20
2559;1;5;5;5;5
28162;0;4;4;11;15
24921;0;4;9;22;54
2860;0;4;10;10;18
2386;0;3;3;3;3
26998;0;0;0;0;21
28359;0;0;5;17;26
26832;0;0;0;0;4
2208;0;0;0;0;0
2749;0;0;0;6;11
36935;0;0;0;0;0
28219;0;0;0;0;0
2420;0;0;0;7;19
2826;0;0;0;0;0
36300;0;0;0;0;0
26139;0;0;0;5;18
3110;0;0;23;72;85
32950;0;0;1;11;47
36800;6;35;61;125;178
28438;11;29;29;30;99
21268;8;20;20;20;20
11273;8;20;21;21;21
28705;9;20;31;42;99
33398;0;18;41;59;74
2671;0;10;10;10;15
2334;0;10;18;18;44
37189;0;9;23;43;43
2616;0;6;6;11;16
9798;0;4;4;13;32
11279;0;2;9;9;15
32895;0;0;0;0;0
29425;0;0;0;0;0
2551;0;0;8;21;33
34576;0;0;2;25;45
26575;0;0;0;0;0
2816;0;0;0;30;53
36304;0;0;0;11;22
2143;0;0;0;0;0
2304;0;0;0;10;10
2971;0;0;6;18;20
12160;0;0;0;0;0
32993;0;0;7;7;7
2865;0;0;0;2;11
28823;18;27;46;47;82
33795;11;21;42;56;75
26836;0;20;43;44;51
26244;0;20;46;54;111
33381;0;19;44;76;107
33698;9;19;45;53;110
2615;19;19;19;19;19
28816;0;18;18;55;113
36159;15;15;15;15;30
36629;14;14;19;108;175
26689;0;14;24;53;53
33646;0;12;12;12;34
27542;11;11;11;40;57
26275;4;10;10;10;22
2392;0;8;19;19;41
26267;4;8;8;8;26
22660;8;8;12;12;36
2415;0;7;7;7;7
32881;7;7;7;7;7
33816;0;6;19;19;29
2561;0;5;5;12;31
26879;1;4;4;38;76
34357;4;4;4;11;17
2715;3;4;4;4;24
37025;3;3;3;3;3
36158;3;3;7;17;17
2869;3;3;3;3;3
2126;0;2;8;8;27
31914;0;0;0;10;71
26777;0;0;0;34;120
365;0;0;0;9;32
36946;0;0;0;0;0
34373;0;0;2;11;21
37064;0;0;0;28;28
1314;0;0;0;0;29
2560;0;0;0;39;73
2770;0;0;7;31;31
2166;0;0;0;0;0
3049;0;0;0;17;43
26594;0;0;0;2;16
3020;0;0;0;32;37
2309;0;0;0;0;29
1919;0;0;0;0;0
26578;0;0;0;0;0
35842;0;0;0;27;29
2676;0;0;7;10;10
38099;0;0;0;0;0
32947;0;0;4;6;12
2117;0;0;0;0;1
36961;0;0;0;0;0
2475;0;0;0;28;48
33534;0;0;0;0;0
2774;0;0;7;26;49
33471;12;38;47;47;70
2772;12;37;46;57;77
33610;15;36;45;65;65
33614;15;27;53;71;102
38042;22;26;26;26;26
36467;2;24;24;75;90
9387;14;24;30;56;67
19756;18;23;23;33;33
27302;22;22;30;40;62
28836;10;20;21;58;72
29654;10;16;29;30;50
2862;7;15;15;15;44
36611;1;14;14;14;14
11271;4;13;13;15;17
32337;2;13;25;63;66
1823;0;12;12;16;20
2868;11;12;16;16;19
2549;0;10;10;10;10
30278;3;10;10;10;10
35386;0;9;9;20;43
33052;6;9;15;15;48
2632;9;9;9;9;9
33016;8;8;8;8;97
28830;0;8;9;53;85
2207;0;6;19;19;22
27431;0;6;6;9;16
2730;5;5;5;53;67
36854;0;2;2;2;2
2554;0;1;1;9;19
26570;0;1;9;9;26
26142;1;1;10;10;33
34557;0;0;0;45;125
2761;0;0;0;13;20
5184;0;0;4;18;50
34593;0;0;7;7;39
28692;0;0;6;40;44
2767;0;0;23;23;23
2390;0;0;0;14;14
2755;0;0;0;13;21
2075;0;0;0;0;6
2076;0;0;0;0;15
2281;0;0;0;0;23
36288;0;0;0;0;0
20677;0;0;0;0;18
36160;0;0;0;12;97
13370;0;0;5;5;8
19709;0;0;0;0;19
24896;0;0;0;48;81
36458;0;0;0;41;98
36476;0;0;0;0;0
36474;0;0;0;41;44
28710;0;0;6;29;41
3013;0;0;0;0;7
2612;0;0;0;0;0
32879;0;0;0;29;37
32874;0;0;10;17;27
35711;0;0;0;66;79
32338;0;0;5;68;68
34354;1;27;32;32;32
27497;12;27;36;41;89
30030;12;26;33;33;33
28807;0;25;51;136;136
2856;11;20;35;45;57
33457;0;19;19;19;31
36802;4;18;23;28;32
34604;0;17;32;79;80
38314;16;16;16;16;16
2553;12;15;22;44;44
34254;13;14;14;60;106
32997;13;13;13;26;50
2275;0;10;18;18;25
34605;0;10;10;10;10
2765;0;9;9;9;9
32870;0;8;8;21;28
2734;8;8;8;8;8
2468;0;6;6;6;11
36968;5;5;5;5;5
2359;0;5;5;6;11
32915;0;5;12;12;27
28707;3;4;4;19;19
37687;4;4;4;4;4
32866;0;4;4;4;4
27556;0;4;13;64;116
19437;0;2;10;10;17
36696;0;2;2;9;9
37518;0;0;0;0;0
37577;0;0;0;0;0
26776;0;0;0;2;53
36925;0;0;0;0;0
36928;0;0;0;0;0
26642;0;0;0;0;65
5193;0;0;0;0;34
11687;0;0;0;5;22
2763;0;0;23;23;23
32901;0;0;0;0;14
2355;0;0;5;29;58
2594;0;0;0;0;0
2565;0;0;0;0;9
2271;0;0;0;0;0
2759;0;0;6;12;21
33011;0;0;0;0;11
2387;0;0;0;28;32
2374;0;0;0;6;21
2402;0;0;0;0;10
33028;0;0;23;23;23
2722;0;0;0;12;90
26600;0;0;7;7;14
2222;0;0;4;4;10
2625;0;0;0;0;2
32842;0;0;7;7;7
35397;0;0;2;7;7
11936;0;0;0;40;47
32980;0;0;6;6;6
2305;0;0;0;0;2
26596;0;0;12;13;13
11280;0;0;0;26;38
29080;0;0;0;1;3
36939;0;0;0;0;0
36276;0;0;4;12;60
36675;0;0;9;20;20
6754;0;0;3;29;58
2824;0;0;2;22;61
2530;0;0;0;11;11
2614;0;0;7;7;21
26780;0;0;0;21;130
26243;0;0;0;6;32
2852;0;0;0;0;0
2406;0;0;0;0;0
2408;0;0;0;0;6
38103;0;0;0;0;0
38105;0;0;0;0;0
22293;0;0;0;0;2
32949;0;0;0;12;25
26318;0;0;9;9;31
2434;0;0;0;16;16
36280;0;0;0;15;37
34584;0;0;2;49;98
28439;0;0;1;24;56
2854;0;0;0;0;0
2927;0;0;7;7;7
2859;0;0;0;0;33
2716;0;0;0;0;23
2323;0;0;16;34;42
2937;0;0;0;0;0
32339;0;0;5;63;71
32343;0;0;0;0;33
32983;12;41;52;76;88
2768;25;36;36;36;36
33521;15;29;33;33;46
34147;9;29;49;56;71
37393;19;28;33;38;38
36770;17;28;28;45;45
33509;0;27;46;61;91
37032;0;26;38;89;90
36934;0;24;50;66;66
34531;0;24;50;139;170
21943;7;20;20;28;31
34378;1;19;19;19;31
26245;13;19;19;19;37
35507;18;18;18;18;18
34404;8;17;32;32;65
36930;0;16;16;16;16
8722;0;14;14;14;14
26242;0;14;31;72;78
33547;12;12;12;12;34
36689;12;12;12;29;41
33722;2;12;18;18;31
1708;11;11;11;11;11
33046;9;11;11;24;30
33278;0;11;18;22;23
33416;0;10;27;27;63
33636;0;10;11;11;35
26874;9;9;9;35;52
34138;1;9;9;27;27
6715;2;9;9;68;87
28380;0;8;8;8;109
19260;0;7;13;17;17
34249;7;7;9;79;108
20620;0;7;9;9;9
28716;6;6;10;31;50
36783;0;6;6;6;8
2373;0;5;6;6;17
33007;0;5;5;22;26
32862;0;5;5;5;13
37293;1;5;5;5;5
37028;0;4;8;20;20
28869;0;4;27;73;136
28704;3;3;18;18;18
34577;0;2;2;2;2
2620;0;2;2;16;34
33464;2;2;2;2;17
26310;0;1;9;9;9
35220;1;1;1;1;1
33384;0;1;4;4;25
37542;1;1;1;1;1
2476;0;1;1;25;51
28349;0;0;3;16;16
31796;0;0;0;0;29
36931;0;0;0;0;0
26650;0;0;0;14;74
34558;0;0;0;42;86
2769;0;0;0;6;20
11684;0;0;8;49;61
34046;0;0;4;4;4
27511;0;0;0;11;99
36622;0;0;2;2;2
28657;0;0;0;0;0
31650;0;0;0;8;8
1967;0;0;0;6;14
2601;0;0;0;0;7
2576;0;0;0;7;18
2580;0;0;0;5;19
2592;0;0;7;7;22
29424;0;0;0;2;26
3018;0;0;6;6;18
2764;0;0;0;0;0
2352;0;0;0;14;24
2758;0;0;0;13;13
2754;0;0;0;0;8
2394;0;0;0;13;25
33586;0;0;0;0;0
27498;0;0;0;0;18
2164;0;0;0;0;0
2206;0;0;0;0;0
2074;0;0;0;0;0
19723;0;0;0;0;0
2848;0;0;0;19;19
36282;0;0;0;0;0
20678;0;0;11;11;18
11282;0;0;0;13;70
28801;0;0;0;0;0
36929;0;0;0;0;0
26599;0;0;0;0;31
33511;0;0;0;0;22
37691;0;0;0;0;0
28709;0;0;0;0;3
32860;0;0;0;12;20
6758;0;0;0;0;27
2419;0;0;0;15;25
6726;0;0;0;0;24
6757;0;0;0;0;17
20623;0;0;0;0;15
33565;0;0;0;0;0
27740;0;0;0;0;64
37536;0;0;0;0;0
2737;0;0;0;27;27
36297;0;0;11;12;25
38106;0;0;0;0;0
19268;0;0;0;6;6
22426;0;0;0;30;55
36066;0;0;0;25;59
36063;0;0;0;7;50
26117;0;0;2;16;27
2454;0;0;0;0;0
25891;0;0;0;11;11
34107;0;0;5;94;196
2970;0;0;5;30;39
2302;0;0;0;82;205
32995;0;0;0;0;14
5005;0;0;0;0;0
34546;0;0;0;0;28
3117;0;0;0;0;16
2875;0;0;0;13;29
36044;0;0;0;0;0
32959;12;41;62;121;215
2849;12;35;42;42;42
36432;2;31;43;84;108
2372;12;30;30;37;37
33615;0;27;38;43;59
35708;1;26;26;26;26
30039;0;24;24;24;24
33221;0;24;24;37;37
33450;15;21;21;22;22
36583;2;21;40;40;93
34923;0;20;28;32;32
37269;0;19;35;36;36
2879;12;18;18;21;21
36608;1;16;16;16;16
3338;0;14;14;14;14
23283;14;14;14;14;31
2808;0;13;20;20;72
2878;0;13;13;16;16
33743;12;12;12;12;12
9342;0;11;11;11;32
26264;11;11;11;11;18
26141;11;11;11;11;25
35025;10;10;15;104;127
36778;1;10;10;10;23
33409;0;10;31;31;31
33213;0;10;35;35;35
33696;0;10;16;16;41
33585;0;10;12;17;45
9363;0;10;22;22;44
2144;10;10;10;81;204
33796;0;10;13;13;28
33716;0;10;36;41;66
33736;0;10;27;65;68
36810;9;9;9;9;31
33059;6;9;9;9;9
18989;9;9;9;22;63
19259;9;9;9;9;26
33737;0;9;9;9;31
38311;9;9;9;9;9
2174;8;8;8;9;9
27419;0;8;8;15;28
37690;0;8;8;8;8
32887;0;8;16;16;31
37605;7;7;7;7;7
2960;6;6;6;6;6
32847;0;6;6;6;14
24899;6;6;6;29;35
33293;6;6;6;11;15
2618;6;6;6;6;23
37026;0;5;13;13;13
26662;5;5;5;11;37
32903;5;5;5;7;14
33514;0;5;5;5;5
37611;5;5;5;5;5
19390;5;5;5;18;27
6619;0;4;15;22;22
28632;0;4;10;19;19
34396;4;4;4;27;27
32893;0;4;4;4;13
27548;0;4;16;43;49
2329;0;4;4;4;5
28722;0;3;7;21;23
28728;0;3;3;3;5
36789;0;3;4;9;34
26276;0;3;3;91;214
33609;0;1;1;1;11
37016;0;0;2;18;18
1713;0;0;2;2;5
36295;0;0;0;5;26
26831;0;0;0;18;18
36269;0;0;0;12;40
34137;0;0;0;31;38
35819;0;0;0;11;37
1747;0;0;0;0;36
28613;0;0;0;5;16
28701;0;0;2;7;10
1634;0;0;0;0;0
19405;0;0;0;13;29
22296;0;0;0;13;15
2600;0;0;0;0;0
32906;0;0;1;5;5
33412;0;0;0;18;18
2589;0;0;0;0;0
33494;0;0;0;0;0
2557;0;0;0;0;0
2274;0;0;0;0;12
20628;0;0;0;0;12
33578;0;0;0;16;94
21283;0;0;0;8;8
33695;0;0;0;0;0
33490;0;0;0;0;14
28831;0;0;16;67;117
2381;0;0;0;10;20
33383;0;0;0;9;10
27303;0;0;0;25;48
28795;0;0;0;13;122
36712;0;0;0;68;89
2431;0;0;0;0;0
21817;0;0;0;0;27
21818;0;0;0;44;49
27496;0;0;4;17;38
2262;0;0;0;1;14
28106;0;0;13;102;225
2283;0;0;5;12;36
1639;0;0;0;5;12
26598;0;0;6;6;17
37340;0;0;0;0;0
24898;0;0;9;9;28
37675;0;0;0;0;0
34554;0;0;0;0;30
32854;0;0;0;0;13
32861;0;0;0;0;0
36428;0;0;0;0;0
6761;0;0;0;20;48
20630;0;0;0;6;6
33371;0;0;0;0;0
33275;0;0;0;43;43
33618;0;0;0;0;0
2827;0;0;0;15;15
2735;0;0;0;0;5
33461;0;0;0;0;13
32916;0;0;1;4;4
33570;0;0;0;0;0
2505;0;0;0;0;0
33571;0;0;0;0;15
2940;0;0;0;0;0
2779;0;0;9;9;32
33619;0;0;5;24;43
33647;0;0;0;0;0
33295;0;0;0;0;15
33315;0;0;0;0;11
33296;0;0;0;0;27
2813;0;0;0;7;7
32892;0;0;0;0;0
959;0;0;1;30;78
32941;0;0;0;7;7
32945;0;0;5;48;60
32933;0;0;0;0;0
34369;0;0;0;31;57
26259;0;0;0;0;15
26143;0;0;0;0;15
36281;0;0;0;0;0
37791;0;0;0;0;0
28432;0;0;0;4;6
28387;0;0;17;52;52
3115;0;0;0;0;0
33734;0;0;0;0;0
33733;0;0;0;0;6
2938;0;0;0;0;0
36697;0;0;10;35;73
33758;0;0;0;35;35
36765;0;0;0;0;0
36920;20;49;51;75;75
36879;25;43;43;83;83
27544;15;40;63;63;95
34256;9;38;64;75;112
33248;15;36;50;50;50
37050;4;33;35;35;35
27573;14;31;57;138;138
27575;14;31;57;146;269
37660;15;27;27;27;27
36915;0;24;50;139;145
36941;0;24;35;35;35
37054;4;24;24;24;24
37703;17;22;22;22;22
33587;15;20;20;30;30
33215;0;18;18;18;18
33256;15;18;18;18;18
8710;15;18;18;18;18
36889;15;18;30;30;30
28796;0;17;43;132;255
33423;15;17;17;17;32
33637;0;17;43;88;100
33242;0;16;16;16;16
33249;0;16;16;16;53
33569;15;15;15;15;21
27547;15;15;15;15;24
33283;14;14;14;14;33
22428;0;14;19;19;78
32625;12;12;12;17;17
36275;0;12;12;12;12
36872;3;12;30;46;46
35661;0;12;21;62;62
36759;0;11;11;11;11
37716;10;11;11;11;11
26870;0;10;15;39;97
33219;0;10;28;28;43
33342;0;10;24;24;61
33252;0;10;28;28;28
1771;1;10;10;57;71
35022;9;9;14;81;83
5477;0;9;9;98;221
2555;8;9;16;16;20
36858;0;9;9;9;9
37291;1;9;19;19;19
2344;8;8;8;22;39
37574;8;8;8;8;8
20624;8;8;8;8;8
2969;7;7;7;11;21
3022;0;7;7;10;17
35515;2;7;7;7;7
33236;0;6;6;26;26
33714;6;6;6;6;16
37168;6;6;6;6;6
34550;6;6;6;6;6
36757;5;5;17;26;26
36755;2;5;5;52;52
28461;0;4;21;24;30
36719;0;4;5;22;22
33294;0;4;4;4;23
1877;0;3;15;67;75
36870;0;3;29;56;56
36910;0;3;29;50;50
1825;0;3;6;6;6
28646;0;2;2;2;2
32999;0;2;2;2;2
9437;0;2;2;4;15
26859;0;0;0;15;28
36897;0;0;0;0;0
28360;0;0;11;11;11
28348;0;0;14;30;30
37017;0;0;0;0;0
36852;0;0;0;0;0
6362;0;0;0;19;21
26435;0;0;0;2;53
26568;0;0;0;10;75
26659;0;0;0;0;60
1707;0;0;0;0;31
34246;0;0;0;14;30
34252;0;0;0;12;67
34251;0;0;0;29;29
26833;0;0;0;0;0
36919;0;0;0;0;0
27613;0;0;0;0;0
34555;0;0;0;8;53
7427;0;0;0;0;14
38306;0;0;0;0;0
33794;0;0;0;14;41
34141;0;0;0;9;9
20740;0;0;0;3;3
34042;0;0;1;1;1
35627;0;0;3;10;25
34361;0;0;0;0;9
6632;0;0;4;4;27
20813;0;0;26;115;238
34594;0;0;0;0;12
37724;0;0;0;0;0
38303;0;0;0;0;0
29082;0;0;0;26;58
5543;0;0;0;0;51
36627;0;0;5;94;203
36626;0;0;0;0;0
28715;0;0;0;1;4
30054;0;0;0;20;44
29059;0;0;0;0;0
28641;0;0;0;0;0
28642;0;0;0;0;8
28721;0;0;0;9;21
28655;0;0;18;18;28
36786;0;0;0;0;22
33485;0;0;0;0;0
1944;0;0;1;1;1
32910;0;0;0;5;28
5573;0;0;0;0;20
2338;0;0;0;0;23
2602;0;0;0;0;0
2587;0;0;9;9;9
2567;0;0;0;6;16
2591;0;0;0;12;12
2558;0;0;0;0;0
33209;0;0;0;21;21
33387;0;0;0;0;0
33444;0;0;0;19;36
33577;0;0;0;0;0
33456;0;0;0;0;0
34920;0;0;0;22;35
2762;0;0;0;62;62
2375;0;0;0;6;9
2383;0;0;0;20;37
2385;0;0;0;6;6
27304;0;0;0;13;36
28794;0;0;0;13;26
28804;0;0;11;11;93
27568;0;0;0;0;0
36794;0;0;0;19;54
36792;0;0;0;0;0
2217;0;0;4;4;4
2189;0;0;0;0;0
2085;0;0;0;0;9
2082;0;0;0;0;10
2087;0;0;0;0;9
2090;0;0;0;0;18
22330;0;0;0;37;60
22331;0;0;0;0;11
22332;0;0;0;0;0
22333;0;0;0;0;0
21783;0;0;0;26;36
33651;0;0;0;0;17
33652;0;0;0;0;0
26595;0;0;8;8;8
28690;0;0;0;0;0
36430;0;0;0;0;0
34149;0;0;0;41;81
3214;0;0;0;48;79
2552;0;0;8;26;37
2550;0;0;0;0;17
2548;0;0;0;0;0
2840;0;0;8;8;14
33008;0;0;0;2;2
33458;0;0;0;6;39
33459;0;0;5;5;22
33462;0;0;0;0;16
33057;0;0;0;0;4
20686;0;0;0;9;9
23289;0;0;5;5;5
36285;0;0;0;0;0
36289;0;0;0;0;0
2358;0;0;5;5;5
33703;0;0;0;0;0
26597;0;0;0;9;9
11281;0;0;0;0;6
11276;0;0;0;0;0
11319;0;0;0;0;0
34578;0;0;0;0;0
35821;0;0;0;0;0
37689;0;0;0;0;0
38013;0;0;0;0;0
38014;0;0;0;0;0
24932;0;0;0;9;114
28703;0;0;0;0;2
28706;0;0;0;5;15
32855;0;0;0;2;15
32865;0;0;7;7;14
32863;0;0;0;0;13
32864;0;0;0;0;0
36671;0;0;0;0;0
32466;0;0;6;6;6
2457;0;0;0;0;6
2456;0;0;1;3;17
6759;0;0;0;0;5
2409;0;0;0;0;8
27428;0;0;0;0;0
33255;0;0;0;0;9
33320;0;0;0;0;0
2619;0;0;0;0;0
2828;0;0;0;0;0
33617;0;0;0;0;0
2731;0;0;6;6;43
2696;0;0;0;0;10
32849;0;0;0;0;0
2531;0;0;0;5;36
33550;0;0;0;0;3
33251;0;0;0;0;0
26779;0;0;0;3;3
26782;0;0;0;0;38
2203;0;0;0;0;4
26401;0;0;0;0;2
26084;0;0;0;0;0
1577;0;0;0;0;14
37537;0;0;0;0;0
3007;0;0;0;0;0
33322;0;0;0;0;28
33314;0;0;0;5;79
33325;0;0;0;4;4
2470;0;0;0;16;26
33519;0;0;0;0;0
33530;0;0;0;25;31
38104;0;0;0;0;0
7782;0;0;0;19;40
36301;0;0;0;0;0
32935;0;0;0;0;41
36957;0;0;0;0;0
3384;0;0;0;0;0
36067;0;0;0;16;41
26317;0;0;0;0;0
26268;0;0;0;0;0
26263;0;0;0;0;13
26260;0;0;0;0;14
26218;0;0;0;0;0
26221;0;0;0;10;10
36293;0;0;0;0;0
38055;0;0;0;0;0
2477;0;0;0;26;26
2967;0;0;0;0;0
20965;0;0;0;13;33
32992;0;0;0;0;0
34547;0;0;0;0;0
2925;0;0;0;0;0
2624;0;0;5;10;49
2775;0;0;0;1;11
2322;0;0;0;4;37
33000;0;0;0;16;62
33347;0;0;0;0;35
33589;0;0;0;0;0
3055;0;0;0;0;0
33574;0;0;0;5;7
2900;0;0;10;10;10
32937;0;0;0;10;10
23598;0;0;0;16;57
29070;0;0;13;39;105
36045;0;0;0;0;50
36767;0;0;0;0;0
32341;0;0;0;16;16
37004;12;41;67;137;137
37077;3;32;41;41;41
36893;2;31;31;73;73
35510;2;31;57;146;152
35511;2;31;57;76;76
37272;1;30;31;31;31
36610;1;30;56;91;91
33397;0;27;53;65;65
36887;18;27;45;45;45
24923;0;25;51;98;163
34551;0;24;50;139;262
37063;3;21;21;21;21
37066;3;21;21;38;38
32621;0;20;20;20;20
37271;0;19;30;30;30
36894;19;19;19;31;31
36868;18;18;18;18;18
2894;12;18;18;26;26
37033;0;17;43;126;126
28821;0;17;27;70;70
33616;0;17;43;132;255
35672;0;17;29;84;108
28653;0;16;16;16;16
34160;5;16;16;77;140
36921;10;16;16;45;57
36909;16;16;16;28;28
33630;0;15;15;15;15
36871;2;15;15;48;48
2433;8;15;15;103;226
26774;0;14;25;25;85
36892;2;13;24;24;24
34529;0;11;11;22;44
2447;8;11;11;99;222
33655;0;10;21;31;31
21375;0;10;10;10;10
29627;0;9;9;9;9
37332;9;9;9;9;9
36885;0;9;9;30;30
28818;7;7;7;7;7
34358;0;6;10;10;18
23265;0;6;6;6;6
2430;0;6;6;94;217
1599;0;5;5;5;5
26669;0;4;22;46;69
29098;2;4;4;4;4
33495;0;4;4;4;4
27756;3;3;29;118;241
28841;0;3;3;3;31
36914;0;3;13;13;13
1719;0;2;2;2;2
37396;2;2;2;2;2
26847;1;1;1;1;1
33553;1;1;1;1;1
36899;0;0;0;0;0
36900;0;0;0;0;0
36902;0;0;0;0;0
28375;0;0;0;16;18
28350;0;0;0;0;11
6648;0;0;0;20;20
31067;0;0;8;8;26
19264;0;0;0;8;15
37088;0;0;0;0;0
37094;0;0;0;0;0
37132;0;0;0;0;0
37243;0;0;0;6;6
26566;0;0;0;0;37
26567;0;0;0;0;54
26665;0;0;0;14;24
36650;0;0;0;0;0
26311;0;0;0;0;0
2071;0;0;0;0;0
2069;0;0;0;0;0
34643;0;0;0;0;0
1689;0;0;0;0;0
26184;0;0;0;0;0
36933;0;0;0;0;0
36924;0;0;0;0;0
36937;0;0;0;0;0
36940;0;0;0;0;0
36642;0;0;0;0;0
36647;0;0;0;0;0
10148;0;0;0;30;30
36818;0;0;0;25;46
29656;0;0;0;22;45
22910;0;0;0;0;14
35089;0;0;0;0;0
36720;0;0;0;0;0
34146;0;0;0;37;37
34144;0;0;0;0;0
34043;0;0;0;0;0
34377;0;0;0;0;0
34364;0;0;0;0;0
38301;0;0;0;0;0
36633;0;0;5;94;209
28648;0;0;0;0;0
28656;0;0;0;17;33
28667;0;0;0;0;0
28668;0;0;0;0;0
28714;0;0;0;0;0
28633;0;0;0;0;0
28639;0;0;0;0;2
29060;0;0;2;6;6
28619;0;0;0;5;12
28687;0;0;0;0;0
28724;0;0;0;0;20
34922;0;0;0;0;0
28649;0;0;0;15;17
28651;0;0;0;0;2
36965;0;0;0;0;0
32958;0;0;0;0;42
33484;0;0;0;0;0
37060;0;0;0;0;0
37061;0;0;0;0;0
37058;0;0;0;0;0
37388;0;0;5;14;14
33720;0;0;0;0;0
24024;0;0;0;0;12
36299;0;0;0;0;0
2213;0;0;0;0;6
33719;0;0;0;0;0
37929;0;0;0;0;0
32875;0;0;0;0;0
32907;0;0;0;12;25
32876;0;0;0;0;7
32877;0;0;0;0;0
32897;0;0;8;16;16
33418;0;0;0;0;12
33414;0;0;0;0;0
2588;0;0;0;0;2
33400;0;0;0;0;0
19431;0;0;0;7;16
2957;0;0;0;0;0
2672;0;0;0;0;0
33420;0;0;0;0;0
33493;0;0;0;35;35
33496;0;0;0;0;0
33210;0;0;0;2;2
2556;0;0;0;0;9
33443;0;0;0;0;0
32936;0;0;5;69;69
2756;0;0;0;0;6
2351;0;0;0;22;61
2263;0;0;0;13;35
33452;0;0;0;0;0
28856;0;0;0;0;0
26569;0;0;0;0;0
33697;0;0;0;12;12
28851;0;0;1;77;81
37719;0;0;0;0;0
37679;0;0;0;0;0
37717;0;0;0;0;0
37718;0;0;0;0;0
37720;0;0;0;0;0
33491;0;0;0;0;25
33385;0;0;0;0;22
2371;0;0;0;0;7
33334;0;0;0;17;18
33328;0;0;0;25;25
33337;0;0;0;0;0
33330;0;0;0;0;0
2399;0;0;0;0;0
2397;0;0;0;0;0
2400;0;0;0;0;0
33582;0;0;0;0;0
33009;0;0;0;0;12
32869;0;0;0;27;27
33045;0;0;0;17;30
32868;0;0;0;19;44
33026;0;0;0;0;38
2401;0;0;0;0;0
28792;0;0;0;0;14
34401;0;0;0;80;137
36707;0;0;0;30;30
36716;0;0;0;62;82
23271;0;0;6;6;9
20834;0;0;0;0;2
28937;0;0;0;0;7
37659;0;0;0;0;0
27555;0;0;0;19;49
35216;0;0;0;0;0
35215;0;0;0;19;19
27567;0;0;0;0;0
28605;0;0;0;0;69
6859;0;0;16;22;22
36805;0;0;0;0;0
27579;0;0;9;9;23
21816;0;0;0;11;31
2165;0;0;0;0;10
2168;0;0;0;88;211
22322;0;0;0;0;0
22323;0;0;0;0;0
22324;0;0;0;30;44
22325;0;0;0;0;14
22326;0;0;0;0;21
22327;0;0;0;0;0
36856;0;0;0;0;0
28693;0;0;0;0;25
28698;0;0;0;0;0
28699;0;0;0;0;0
28700;0;0;0;0;0
36462;0;0;0;0;0
33611;0;0;0;0;21
33613;0;0;0;5;8
2547;0;0;0;0;14
2536;0;0;0;28;39
33056;0;0;0;0;0
36582;0;0;0;0;4
36694;0;0;0;0;0
36286;0;0;0;0;0
36290;0;0;0;0;0
37627;0;0;0;0;0
37629;0;0;0;0;0
37630;0;0;0;0;0
1638;0;0;3;6;6
1600;0;0;0;0;0
2361;0;0;8;8;8
33709;0;0;0;0;0
33763;0;0;0;0;8
36157;0;0;4;4;4
37344;0;0;0;0;0
37376;0;0;0;0;0
37378;0;0;0;0;0
36948;0;0;0;0;0
36949;0;0;0;0;0
36278;0;0;6;6;6
29555;0;0;0;0;28
10197;0;0;0;0;0
33711;0;0;0;0;18
25888;0;0;0;0;8
37688;0;0;0;0;0
37676;0;0;0;0;0
38006;0;0;0;0;0
38107;0;0;0;0;0
38141;0;0;0;0;0
32853;0;0;0;0;7
32856;0;0;0;0;0
32857;0;0;0;0;0
32867;0;0;0;0;19
36679;0;0;0;10;10
4190;0;0;0;0;0
23510;0;0;0;0;0
34596;0;0;0;0;37
6764;0;0;0;20;35
33324;0;0;0;0;12
2670;0;0;0;0;0
33261;0;0;0;15;39
33284;0;0;0;0;54
33285;0;0;0;5;5
33268;0;0;0;0;0
33270;0;0;0;5;13
2733;0;0;0;0;23
33529;0;0;0;0;0
8715;0;0;0;45;60
33561;0;0;0;0;0
33453;0;0;0;0;0
33460;0;0;0;0;0
33661;0;0;0;0;0
32930;0;0;0;12;12
38154;0;0;0;0;0
32912;0;0;0;0;17
33520;0;0;0;0;21
32911;0;0;0;2;23
33473;0;0;0;0;0
33470;0;0;0;0;0
33632;0;0;0;0;0
8721;0;0;0;0;0
2611;0;0;0;0;0
37892;0;0;0;0;0
2613;0;0;0;0;7
33239;0;0;0;0;0
33254;0;0;0;0;0
33634;0;0;0;11;11
32851;0;0;0;0;14
21449;0;0;0;20;34
20255;0;0;0;7;61
35092;0;0;0;0;0
26520;0;0;0;0;0
27741;0;0;0;0;21
27745;0;0;0;46;65
27746;0;0;0;47;74
29049;0;0;0;0;13
26400;0;0;0;0;22
19699;0;0;0;0;0
37534;0;0;0;0;0
37540;0;0;0;0;0
2799;0;0;0;0;9
2466;0;0;0;0;0
33693;0;0;0;0;0
2942;0;0;0;14;14
32888;0;0;0;0;30
32889;0;0;0;0;0
33638;0;0;0;0;0
33300;0;0;0;0;49
33378;0;0;0;0;17
32942;0;0;0;0;0
2998;0;0;5;5;17
2405;0;0;0;0;0
3133;0;0;0;0;6
33641;0;0;0;0;0
33643;0;0;0;0;0
38073;0;0;0;0;0
37661;0;0;0;0;0
37662;0;0;0;0;0
19270;0;0;0;6;6
36953;0;0;0;0;0
23514;0;0;0;12;15
32845;0;0;0;0;32
32967;0;0;0;0;0
32970;0;0;0;4;4
36959;0;0;0;0;0
36575;0;0;2;26;26
36579;0;0;0;0;0
9384;0;0;0;0;0
36059;0;0;0;0;0
23485;0;0;0;16;24
36878;0;0;0;10;10
36886;0;0;12;12;12
26315;0;0;0;0;0
26271;0;0;0;0;8
26277;0;0;0;88;211
25889;0;0;0;0;0
25892;0;0;0;0;0
26222;0;0;0;0;0
280;0;0;0;1;1
2694;0;0;0;8;17
36294;0;0;0;15;52
6549;0;0;0;0;0
27606;0;0;0;0;0
27590;0;0;0;16;16
27541;0;0;0;0;22
37292;0;0;0;0;0
2966;0;0;0;0;0
21526;0;0;0;38;161
5516;0;0;0;15;17
28440;0;0;0;1;68
36816;0;0;0;0;0
36273;0;0;0;28;35
20964;0;0;0;9;21
2797;0;0;0;35;71
9796;0;0;0;4;4
33715;0;0;2;16;23
3024;0;0;5;36;42
33723;0;0;0;12;13
33725;0;0;0;0;0
33468;0;0;0;10;28
33724;0;0;0;2;2
8607;0;0;0;0;14
33359;0;0;0;0;37
3056;0;0;0;12;18
37864;0;0;0;0;0
33472;0;0;0;0;0
32878;0;0;0;28;28
37743;0;0;0;0;0
3031;0;0;0;0;0
2939;0;0;0;0;0
3091;0;0;0;13;24
2874;0;0;0;0;0
2881;0;0;3;14;14
33754;0;0;0;0;9
2877;0;0;0;0;3
2876;0;0;0;0;3
2893;0;0;0;0;0
33740;0;0;0;0;0
3088;0;0;0;7;7
2896;0;0;0;0;18
2880;0;0;7;7;7
34172;0;0;0;0;0
34173;0;0;0;0;0
37656;0;0;0;0;0
35712;0;0;0;0;0
20749;0;0;26;115;238
36042;0;0;0;11;11
27530;0;0;0;0;0
35519;0;0;0;0;44
35522;0;0;0;0;0
36758;0;0;0;0;0
36760;0;0;0;0;0
36768;0;0;5;58;78
36776;0;0;0;0;0
37715;0;0;0;0;0
32340;0;0;18;18;18
2472;0;0;0;0;3
33581;0;0;0;0;20
38391;0;0;0;0;0
38362;0;0;0;0;0
38312;0;0;0;0;0
38315;0;0;0;0;0
38327;0;0;0;0;0
6663;24;53;79;168;199
6659;24;53;79;108;127
36646;24;53;79;168;189
36639;24;53;73;73;73
36662;24;53;65;65;65
36654;24;53;79;138;138
36655;24;53;79;138;138
28607;23;52;76;76;76
28603;23;52;78;83;83
28604;23;52;69;69;69
36347;23;52;78;98;98
36741;23;52;78;79;79
36358;23;52;78;98;103
28548;23;52;65;65;65
28580;23;52;70;70;75
29083;23;52;65;76;76
34184;23;52;78;115;115
29084;23;52;78;82;82
28587;23;52;67;67;67
28536;23;52;69;69;82
28545;23;52;78;82;82
28519;23;52;78;79;135
34402;22;51;77;166;289
34397;22;51;77;166;289
34400;22;51;77;158;281
3554;17;46;72;161;218
27425;12;41;66;110;205
32902;12;41;54;72;95
36839;11;40;66;126;126
36715;10;39;50;50;50
37068;3;32;58;105;105
37274;2;31;42;100;100
9346;2;31;57;146;269
9353;2;31;57;146;269
36460;2;31;57;109;109
36461;2;31;57;111;111
9370;2;31;57;146;269
35509;2;31;57;137;143
35514;2;31;57;146;203
35508;2;31;57;139;139
37330;1;30;56;60;60
36378;0;27;53;123;149
36370;0;27;53;79;79
34544;0;24;50;121;156
34549;0;24;50;134;161
27737;0;23;39;39;39
22439;0;17;43;81;94
27577;0;17;43;132;255
27581;0;17;43;132;255
27583;0;17;43;132;255
24931;0;17;43;132;255
35669;0;17;43;96;128
36841;0;14;40;69;69
329;0;12;30;30;44
33483;0;10;29;29;29
33231;0;10;36;111;111
33451;0;10;28;28;28
33712;0;10;36;41;55
33317;0;10;23;41;42
33572;0;10;31;51;51
2046;0;10;36;125;132
2048;0;10;36;125;248
31791;0;9;9;9;9
36861;1;8;14;14;14
36457;2;8;8;8;8
28691;3;7;7;7;7
34479;0;4;4;4;4
36486;0;4;4;13;75
27553;0;4;25;60;69
27546;0;4;30;38;49
36881;0;3;29;48;48
36873;0;3;12;12;12
37653;0;0;0;0;0
37652;0;0;0;0;0
38760;0;0;0;0;0
38759;0;0;0;0;0
2187;0;0;0;0;0
39126;0;0;0;0;0
38566;0;0;0;0;0
20988;0;0;0;0;0
38579;0;0;0;0;0
38586;0;0;0;0;0
38590;0;0;0;0;0
38591;0;0;0;0;0
38592;0;0;0;0;0
38593;0;0;0;0;0
37646;0;0;0;0;0
37641;0;0;0;0;0
37643;0;0;0;0;0
34564;0;0;0;0;0
38539;0;0;0;0;0
38540;0;0;0;0;0
19412;0;0;0;0;0
19410;0;0;0;0;0
38570;0;0;0;0;0
38571;0;0;0;0;0
38582;0;0;0;0;0
38583;0;0;0;0;0
38587;0;0;0;0;0
38588;0;0;0;0;0
38589;0;0;0;0;0
38608;0;0;0;0;0
38537;0;0;0;0;0
37642;0;0;0;0;0
38749;0;0;0;0;0
38572;0;0;0;0;0
38573;0;0;0;0;0
38574;0;0;0;0;0
38776;0;0;0;0;0
39118;0;0;0;0;0
39125;0;0;0;0;0
39120;0;0;0;0;0
38580;0;0;0;0;0
30306;0;0;0;0;0
27952;0;0;0;0;0
36855;0;0;0;0;0
38883;0;0;0;0;0
38880;0;0;0;0;0
38884;0;0;0;0;0
38881;0;0;0;0;0
38885;0;0;0;0;0
38882;0;0;0;0;0
38886;0;0;0;0;0
38887;0;0;0;0;0
36830;0;0;1;1;1
36828;0;0;1;1;1
38290;0;0;0;0;0
38294;0;0;0;0;0
38297;0;0;0;0;0
38299;0;0;0;0;0
38528;0;0;0;0;0
38529;0;0;0;0;0
38531;0;0;0;0;0
38520;0;0;0;0;0
38521;0;0;0;0;0
38522;0;0;0;0;0
38523;0;0;0;0;0
36898;0;0;0;0;0
36901;0;0;0;0;0
37098;0;0;0;0;0
39114;0;0;0;0;0
39112;0;0;0;0;0
39110;0;0;0;0;0
39107;0;0;0;0;0
34535;0;0;0;29;83
35892;0;0;0;71;105
38538;0;0;0;0;0
38747;0;0;0;0;0
38550;0;0;0;0;0
38551;0;0;0;0;0
28264;0;0;0;0;0
38524;0;0;0;0;0
38525;0;0;0;0;0
38526;0;0;0;0;0
38527;0;0;0;0;0
38530;0;0;0;0;0
37563;0;0;0;0;0
37564;0;0;0;0;0
28327;0;0;0;0;0
37567;0;0;0;0;0
37570;0;0;0;0;0
28328;0;0;0;0;19
39138;0;0;0;0;0
39132;0;0;0;0;0
39128;0;0;0;0;0
39130;0;0;0;0;0
39140;0;0;0;0;0
39127;0;0;0;0;0
39135;0;0;0;0;0
39136;0;0;0;0;0
37110;0;0;0;3;3
28229;0;0;0;5;5
30300;0;0;0;0;0
39282;0;0;0;0;0
39279;0;0;0;0;0
39276;0;0;0;0;0
39273;0;0;0;0;0
39275;0;0;0;0;0
28213;0;0;0;0;3
28214;0;0;0;0;20
28212;0;0;0;0;0
38302;0;0;0;0;0
38304;0;0;0;0;0
38300;0;0;0;0;0
37545;0;0;0;0;0
37551;0;0;0;0;0
37547;0;0;0;0;0
37548;0;0;0;0;0
37538;0;0;0;0;0
37524;0;0;0;0;0
37550;0;0;0;0;0
37553;0;0;0;0;0
37549;0;0;0;0;0
37633;0;0;0;0;0
39117;0;0;0;0;0
39115;0;0;0;0;0
39121;0;0;0;0;0
38552;0;0;0;0;0
38575;0;0;0;0;0
6651;0;0;0;0;16
28379;0;0;0;0;0
28357;0;0;0;0;0
27944;0;0;0;12;12
36328;0;0;0;0;0
39280;0;0;0;0;0
39281;0;0;0;0;0
37637;0;0;0;0;0
37638;0;0;0;0;0
37639;0;0;0;0;0
37631;0;0;0;0;0
37632;0;0;0;0;0
38585;0;0;0;0;0
19263;0;0;0;0;3
28347;0;0;6;7;21
37114;0;0;0;4;4
28606;0;0;19;108;154
28600;0;0;0;0;0
28598;0;0;0;0;14
28595;0;0;19;81;120
37457;0;0;0;0;0
36736;0;0;0;0;0
36779;0;0;0;0;0
36342;0;0;0;0;0
36737;0;0;0;34;34
36780;0;0;0;0;0
36739;0;0;0;0;0
36356;0;0;19;103;150
36359;0;0;0;0;5
36781;0;0;0;0;0
29612;0;0;0;15;15
28530;0;0;0;0;0
28527;0;0;19;95;95
28882;0;0;19;108;116
28875;0;0;19;108;132
28540;0;0;19;108;132
28883;0;0;19;108;132
32355;0;0;0;0;0
30122;0;0;0;0;0
28857;0;0;0;0;0
28543;0;0;19;49;49
28525;0;0;0;0;122
28524;0;0;19;75;75
28521;0;0;0;0;0
38536;0;0;0;0;0
34186;0;0;19;108;198
28569;0;0;19;108;155
28567;0;0;19;101;122
34183;0;0;0;0;0
34185;0;0;0;0;0
37459;0;0;0;0;0
37460;0;0;0;0;0
33119;0;0;0;0;0
28552;0;0;0;0;0
28592;0;0;0;0;0
28557;0;0;0;0;0
23917;0;0;0;0;0
34239;0;0;0;0;102
34240;0;0;0;0;0
28539;0;0;10;27;60
34601;0;0;19;108;138
34267;0;0;0;0;0
34270;0;0;19;48;53
34271;0;0;19;48;115
34237;0;0;19;94;94
34276;0;0;0;0;0
34273;0;0;19;82;82
28490;0;0;19;108;166
29017;0;0;0;0;0
28517;0;0;0;0;0
37101;0;0;0;0;0
38611;0;0;0;0;0
38612;0;0;0;0;0
27959;0;0;0;0;0
27954;0;0;0;0;24
27957;0;0;0;0;0
34508;0;0;0;0;0
34510;0;0;0;0;0
34515;0;0;0;0;0
34514;0;0;0;0;0
34518;0;0;11;11;11
34524;0;0;0;0;0
34476;0;0;0;0;0
34477;0;0;0;0;0
34475;0;0;0;0;0
34478;0;0;0;0;0
35972;0;0;0;0;0
34480;0;0;0;0;0
34481;0;0;12;33;33
34482;0;0;12;101;127
34483;0;0;0;0;18
35974;0;0;0;0;0
34486;0;0;0;0;0
34488;0;0;0;0;0
34489;0;0;0;0;17
34526;0;0;0;12;12
34485;0;0;12;101;182
34505;0;0;0;0;0
34509;0;0;0;0;0
34517;0;0;0;0;0
34520;0;0;0;0;0
34519;0;0;0;0;0
34493;0;0;0;0;0
34490;0;0;0;0;0
34494;0;0;0;0;0
34495;0;0;0;0;0
34498;0;0;0;0;0
34497;0;0;0;0;0
34500;0;0;0;0;0
36823;0;0;0;0;0
37381;0;0;0;0;0
37382;0;0;0;0;0
36489;0;0;0;0;0
36496;0;0;15;37;127
36494;0;0;0;0;62
36499;0;0;0;22;104
36492;0;0;0;0;0
36501;0;0;0;0;0
36503;0;0;0;0;0
36504;0;0;0;0;0
36508;0;0;0;0;0
37410;0;0;0;0;0
37409;0;0;0;0;0
37275;0;0;0;10;10
37279;0;0;0;10;10
36485;0;0;0;13;89
37383;0;0;0;0;0
37405;0;0;0;0;0
37390;0;0;0;0;0
37389;0;0;0;0;0
37385;0;0;0;0;0
36491;0;0;5;23;23
36493;0;0;0;30;103
36490;0;0;2;19;50
36480;0;0;5;31;51
36481;0;0;0;0;5
36482;0;0;0;0;0
36484;0;0;0;0;0
36497;0;0;0;0;60
36500;0;0;0;12;12
36507;0;0;0;0;62
36478;0;0;8;34;126
36510;0;0;0;29;67
36512;0;0;0;15;22
37404;0;0;0;0;0
36487;0;0;0;22;98
36488;0;0;2;14;14
37402;0;0;0;0;0
12497;0;0;0;0;0
12498;0;0;0;0;0
12500;0;0;0;0;0
12503;0;0;0;0;0
12431;0;0;0;0;0
12433;0;0;0;0;0
12457;0;0;0;0;0
12435;0;0;0;0;0
12458;0;0;0;0;0
12443;0;0;0;0;0
12459;0;0;0;0;0
12444;0;0;0;0;0
12461;0;0;0;0;0
12445;0;0;0;0;0
12446;0;0;0;0;0
12447;0;0;0;0;0
12483;0;0;0;0;0
38626;0;0;0;0;0
12485;0;0;0;0;0
12561;0;0;0;0;0
12562;0;0;0;0;0
38309;0;0;0;0;0
37277;0;0;0;54;54
37284;0;0;0;49;49
37285;0;0;0;52;52
37282;0;0;0;50;50
37283;0;0;0;49;49
2177;0;0;0;1;1
2178;0;0;0;1;1
30299;0;0;0;0;50
39270;0;0;0;0;0
39271;0;0;0;0;0
39264;0;0;0;0;0
39267;0;0;0;0;0
39269;0;0;0;0;0
39260;0;0;0;0;0
39263;0;0;0;0;0
39257;0;0;0;0;0
39258;0;0;0;0;0
39244;0;0;0;0;0
39247;0;0;0;0;0
39241;0;0;0;0;0
39252;0;0;0;0;0
39255;0;0;0;0;0
38604;0;0;0;0;0
38614;0;0;0;0;0
38615;0;0;0;0;0
37581;0;0;0;0;0
27963;0;0;0;17;54
37578;0;0;0;0;0
38676;0;0;0;0;0
2175;0;0;0;12;37
2176;0;0;0;13;42
33779;0;0;0;14;14
37146;0;0;0;0;0
31916;0;0;7;22;22
37584;0;0;0;0;0
37587;0;0;0;0;0
37588;0;0;0;0;0
37589;0;0;0;0;0
37590;0;0;0;0;0
37591;0;0;0;0;0
37592;0;0;0;0;0
37593;0;0;0;0;0
37594;0;0;0;0;0
37595;0;0;0;0;0
32630;0;0;0;25;25
37079;0;0;0;0;0
37080;0;0;0;0;0
37081;0;0;0;0;0
37082;0;0;7;7;7
37084;0;0;0;0;0
37142;0;0;0;0;0
37143;0;0;15;64;64
37085;0;0;0;0;0
37087;0;0;0;0;0
37090;0;0;0;0;0
37092;0;0;0;0;0
37072;0;0;0;0;0
37073;0;0;0;0;0
37074;0;0;0;0;0
37075;0;0;0;0;0
37076;0;0;0;0;0
37078;0;0;0;0;0
37083;0;0;0;0;0
37089;0;0;0;0;0
37093;0;0;0;0;0
37095;0;0;0;0;0
37086;0;0;15;29;29
37091;0;0;0;0;0
37096;0;0;0;0;0
37144;0;0;0;0;0
37145;0;0;0;0;0
37127;0;0;0;0;0
37128;0;0;0;0;0
37129;0;0;0;0;0
37130;0;0;0;0;0
37131;0;0;0;0;0
37133;0;0;0;0;0
37097;0;0;0;0;0
37121;0;0;0;0;0
37122;0;0;0;0;0
37123;0;0;0;0;0
37124;0;0;0;0;0
37125;0;0;0;0;0
37135;0;0;0;0;0
37136;0;0;0;0;0
37137;0;0;0;0;0
37134;0;0;0;0;0
37140;0;0;0;0;0
37141;0;0;0;0;0
37138;0;0;0;0;0
37139;0;0;0;0;0
37242;0;0;18;37;37
37244;0;0;0;20;20
26436;0;0;0;0;2
36718;0;0;0;0;11
36963;0;0;0;0;0
37576;0;0;0;0;0
32827;0;0;0;0;0
26661;0;0;0;0;0
26660;0;0;0;0;5
26775;0;0;0;4;125
26773;0;0;0;0;57
26772;0;0;0;0;85
26666;0;0;0;0;12
26670;0;0;0;0;90
26671;0;0;0;20;45
37580;0;0;0;0;0
37246;0;0;0;0;0
37247;0;0;0;0;0
37248;0;0;0;0;0
37267;0;0;0;0;0
37582;0;0;0;0;0
37150;0;0;0;0;0
36652;0;0;0;0;0
36653;0;0;0;0;0
36656;0;0;0;0;0
36658;0;0;0;0;0
36660;0;0;0;0;0
36661;0;0;0;0;0
1712;0;0;0;0;12
1711;0;0;0;0;0
2471;0;0;0;0;5
1720;0;0;0;0;10
1722;0;0;0;0;9
1721;0;0;0;21;21
1694;0;0;0;0;0
2078;0;0;0;0;14
32653;0;0;0;26;28
32764;0;0;0;0;0
34236;0;0;0;0;10
34235;0;0;0;29;29
32572;0;0;0;0;0
26183;0;0;0;0;5
36964;0;0;0;0;0
2806;0;0;0;0;0
26835;0;0;0;27;36
31907;0;0;0;0;0
36705;0;0;0;0;0
36706;0;0;0;0;0
36708;0;0;0;0;0
36711;0;0;0;0;0
36701;0;0;0;0;0
36702;0;0;0;0;0
36703;0;0;0;0;0
36704;0;0;0;0;0
36699;0;0;0;0;0
37270;0;0;10;10;10
37273;0;0;0;0;0
37306;0;0;0;0;0
36945;0;0;0;0;0
36918;0;0;0;0;0
36640;0;0;0;0;0
36641;0;0;0;0;0
36811;0;0;0;0;0
36717;0;0;0;0;0
36659;0;0;0;0;0
36651;0;0;0;0;0
36657;0;0;0;0;0
36644;0;0;0;0;0
36645;0;0;0;0;0
36649;0;0;0;0;0
36643;0;0;0;0;0
36648;0;0;0;0;0
38607;0;0;0;0;0
38609;0;0;0;0;0
38606;0;0;0;0;0
38729;0;0;0;0;0
38732;0;0;0;0;0
38730;0;0;0;0;0
38733;0;0;0;0;0
38734;0;0;0;0;0
10158;0;0;0;1;2
36817;0;0;0;25;27
1706;0;0;0;0;0
5195;0;0;0;0;36
5185;0;0;0;0;0
11685;0;0;0;0;0
1149;0;0;0;0;0
18954;0;0;1;1;1
29072;0;0;8;13;19
21157;0;0;0;0;15
29118;0;0;0;14;42
34145;0;0;9;10;71
35674;0;0;0;31;55
36082;0;0;0;0;0
36081;0;0;0;0;0
36080;0;0;0;0;0
21414;0;0;0;0;40
7765;0;0;8;12;12
36923;0;0;7;20;20
7761;0;0;12;101;224
35716;0;0;0;0;0
35714;0;0;0;0;0
35715;0;0;0;0;0
4842;0;0;0;0;0
34041;0;0;0;0;28
34622;0;0;9;17;28
7758;0;0;0;68;191
9776;0;0;0;18;18
34201;0;0;0;8;8
34376;0;0;0;0;0
34355;0;0;0;0;0
34353;0;0;0;0;2
34356;0;0;0;0;0
34200;0;0;0;0;25
37070;0;0;6;27;27
1746;0;0;0;1;9
34375;0;0;0;0;0
18665;0;0;0;0;3
34366;0;0;0;0;0
29069;0;0;0;0;11
30445;0;0;0;0;0
22904;0;0;0;0;24
5541;0;0;2;2;55
38625;0;0;0;0;0
38287;0;0;0;0;0
36777;0;0;0;0;0
35982;0;0;0;0;18
34286;0;0;0;0;7
36625;0;0;5;75;75
33476;0;0;0;0;0
28650;0;0;0;0;20
28654;0;0;0;0;19
30056;0;0;0;0;11
30057;0;0;0;0;2
30058;0;0;0;14;14
28666;0;0;0;0;0
28713;0;0;0;0;0
28717;0;0;0;0;0
28718;0;0;0;0;9
28720;0;0;0;13;23
28719;0;0;0;0;13
28608;0;0;0;0;15
28610;0;0;0;0;0
28611;0;0;0;10;34
28612;0;0;0;0;0
28614;0;0;0;0;12
28615;0;0;0;0;0
28618;0;0;0;0;0
28620;0;0;0;0;0
28621;0;0;0;0;0
28622;0;0;0;0;0
28623;0;0;0;0;40
28659;0;0;0;18;22
28661;0;0;0;10;13
28631;0;0;0;0;31
30055;0;0;0;0;0
30053;0;0;0;14;14
28636;0;0;0;0;2
28609;0;0;0;5;20
28617;0;0;0;0;0
28629;0;0;0;0;0
28634;0;0;0;0;2
28638;0;0;1;1;1
28689;0;0;0;0;10
28696;0;0;0;5;20
28723;0;0;0;0;0
28725;0;0;0;0;0
28726;0;0;0;0;0
30037;0;0;0;0;15
28647;0;0;0;0;0
30038;0;0;0;0;38
28652;0;0;0;0;24
30040;0;0;0;0;26
34381;0;0;0;0;0
34380;0;0;0;0;0
34379;0;0;0;0;0
37392;0;0;0;0;0
36966;0;0;0;0;0
38820;0;0;0;0;0
38821;0;0;0;0;0
38822;0;0;0;0;0
38823;0;0;0;0;0
38824;0;0;0;0;0
38825;0;0;0;0;0
38826;0;0;0;0;0
38827;0;0;0;0;0
38828;0;0;0;0;0
38829;0;0;0;0;0
38830;0;0;0;0;0
38831;0;0;0;0;0
38832;0;0;0;0;0
38833;0;0;0;0;0
31030;0;0;0;0;19
27421;0;0;0;13;18
9435;0;0;0;0;0
5552;0;0;0;0;32
5474;0;0;0;89;212
36784;0;0;0;9;9
36785;0;0;0;0;0
36869;0;0;0;0;0
38834;0;0;0;0;0
38835;0;0;0;0;0
38836;0;0;0;0;0
38837;0;0;0;0;0
38838;0;0;0;0;0
38839;0;0;0;0;0
33480;0;0;0;0;0
38840;0;0;0;0;0
38841;0;0;0;0;0
38842;0;0;0;0;0
38843;0;0;0;0;0
38844;0;0;0;0;0
33486;0;0;0;0;0
38845;0;0;0;0;0
38846;0;0;0;0;0
38847;0;0;0;0;0
38848;0;0;0;0;0
38849;0;0;0;0;0
38850;0;0;0;0;0
38851;0;0;0;0;0
38852;0;0;0;0;0
38853;0;0;0;0;0
37062;0;0;0;0;0
37048;0;0;0;0;0
37049;0;0;0;0;0
37051;0;0;0;0;0
37052;0;0;0;0;0
37053;0;0;0;48;48
37055;0;0;0;0;0
37056;0;0;0;0;0
37059;0;0;0;0;0
37057;0;0;0;0;0
36956;0;0;0;0;0
36955;0;0;0;0;0
36819;0;0;0;25;47
36821;0;0;0;41;46
37712;0;0;0;0;0
37711;0;0;0;0;0
37397;0;0;0;0;0
37386;0;0;0;0;0
37387;0;0;0;0;0
37384;0;0;0;10;10
33025;0;0;0;0;0
33024;0;0;0;0;0
32963;0;0;0;0;13
32965;0;0;0;0;23
33017;0;0;0;0;0
33018;0;0;0;0;0
28356;0;0;0;0;0
32346;0;0;0;0;0
29963;0;0;0;0;18
24026;0;0;0;1;1
36973;0;0;0;0;0
36984;0;0;0;0;0
36974;0;0;0;0;0
36980;0;0;0;0;0
36298;0;0;0;0;0
36316;0;0;0;0;0
36317;0;0;0;0;0
36318;0;0;0;0;0
1704;0;0;0;1;10
38534;0;0;0;0;0
36813;0;0;0;0;0
2218;0;0;0;0;0
19753;0;0;0;1;1
33049;0;0;0;0;0
38856;0;0;0;0;0
37794;0;0;0;0;0
9367;0;0;0;0;0
9341;0;0;0;0;0
37799;0;0;0;0;0
35211;0;0;0;11;11
38860;0;0;0;0;0
38862;0;0;0;0;0
38866;0;0;0;0;0
38888;0;0;0;0;0
38889;0;0;0;0;0
9349;0;0;0;0;0
37803;0;0;0;0;0
9344;0;0;0;0;0
7689;0;0;0;21;57
38738;0;0;0;0;0
38890;0;0;0;0;0
38905;0;0;0;0;0
38907;0;0;0;0;0
38908;0;0;0;0;0
38909;0;0;0;0;0
38906;0;0;0;0;0
38910;0;0;0;0;0
38914;0;0;0;0;0
38918;0;0;0;0;0
38919;0;0;0;0;0
38917;0;0;0;0;0
38915;0;0;0;0;0
38932;0;0;0;0;0
38951;0;0;0;0;0
38927;0;0;0;0;0
38921;0;0;0;0;0
38930;0;0;0;0;0
38954;0;0;0;0;0
38955;0;0;0;0;0
38957;0;0;0;0;0
38956;0;0;0;0;0
38960;0;0;0;0;0
38962;0;0;0;0;0
38958;0;0;0;0;0
38963;0;0;0;0;0
38964;0;0;0;0;0
38965;0;0;0;0;0
38967;0;0;0;0;0
38970;0;0;0;0;0
38972;0;0;0;0;0
38969;0;0;0;0;0
38975;0;0;0;0;0
38973;0;0;0;0;0
32882;0;0;5;62;65
32883;0;0;0;0;0
32871;0;0;0;0;0
32873;0;0;0;0;53
32885;0;0;0;0;34
32884;0;0;0;0;0
32886;0;0;0;0;59
32858;0;0;0;0;4
38997;0;0;0;0;0
38976;0;0;0;0;0
38980;0;0;0;0;0
38979;0;0;0;0;0
38981;0;0;0;0;0
38982;0;0;0;0;0
9406;0;0;0;0;0
33003;0;0;23;68;97
33001;0;0;0;0;0
33002;0;0;0;0;44
9396;0;0;0;0;0
37726;0;0;0;0;0
33413;0;0;0;0;0
9397;0;0;0;0;0
32894;0;0;0;0;0
32890;0;0;0;0;0
32905;0;0;0;0;0
32899;0;0;0;0;0
38989;0;0;0;0;0
38992;0;0;0;0;0
38993;0;0;0;0;0
38986;0;0;0;0;0
37920;0;0;0;0;0
37917;0;0;0;0;0
33415;0;0;0;0;0
33579;0;0;0;0;18
8128;0;0;0;0;0
37952;0;0;0;0;0
3019;0;0;0;0;17
33396;0;0;9;9;9
33417;0;0;0;0;0
33408;0;0;0;0;0
33411;0;0;0;0;0
33406;0;0;0;0;0
33410;0;0;0;0;0
2590;0;0;0;0;0
2593;0;0;0;0;0
38995;0;0;0;0;0
38898;0;0;0;0;0
38899;0;0;0;0;0
38900;0;0;0;0;0
38901;0;0;0;0;0
33401;0;0;0;3;3
32852;0;0;0;0;10
2596;0;0;0;0;0
37894;0;0;0;0;0
37893;0;0;0;0;0
33404;0;0;0;0;0
2357;0;0;0;0;0
9369;0;0;0;0;0
33421;0;0;0;0;0
33508;0;0;0;0;0
33510;0;0;0;0;0
33504;0;0;0;0;0
33505;0;0;0;0;0
33513;0;0;0;0;0
38998;0;0;0;0;0
33506;0;0;0;0;0
33370;0;0;0;0;0
33227;0;0;0;0;0
33226;0;0;0;0;0
33216;0;0;0;0;0
33214;0;0;0;0;22
33211;0;0;0;0;0
33212;0;0;0;5;25
33222;0;0;0;0;0
33193;0;0;0;0;0
33195;0;0;0;0;0
33192;0;0;0;0;6
33232;0;0;0;0;18
38892;0;0;0;0;0
33200;0;0;0;0;0
33197;0;0;0;0;0
33202;0;0;0;0;0
33201;0;0;0;0;37
33198;0;0;0;0;0
33199;0;0;0;0;15
5602;0;0;0;0;0
33228;0;0;0;0;0
33229;0;0;0;0;0
33230;0;0;0;0;0
33189;0;0;0;16;31
36695;0;0;0;0;0
33191;0;0;0;0;0
33196;0;0;0;0;0
33194;0;0;0;0;0
33223;0;0;0;0;0
33208;0;0;0;0;15
33205;0;0;0;0;0
33217;0;0;0;0;0
7991;0;0;0;0;0
33206;0;0;0;0;0
33203;0;0;0;0;0
33204;0;0;0;0;0
33207;0;0;0;0;0
5575;0;0;0;0;0
5574;0;0;0;0;0
5597;0;0;0;0;0
5599;0;0;0;0;0
5571;0;0;0;0;0
38891;0;0;0;0;0
33224;0;0;0;0;0
33220;0;0;0;0;0
33218;0;0;0;0;0
38895;0;0;0;0;0
2682;0;0;0;11;17
38893;0;0;0;0;0
38894;0;0;0;0;0
38904;0;0;0;0;0
33386;0;0;0;0;0
38902;0;0;0;0;0
38903;0;0;0;0;0
38896;0;0;0;0;0
38897;0;0;0;0;0
37923;0;0;0;0;0
2626;0;0;0;7;35
39000;0;0;0;0;0
39001;0;0;0;0;0
32846;0;0;0;0;16
39006;0;0;0;0;0
39009;0;0;0;0;0
39012;0;0;0;0;0
39014;0;0;0;0;0
39015;0;0;0;0;0
39016;0;0;0;0;0
39017;0;0;0;0;0
39018;0;0;0;0;0
39019;0;0;0;0;0
39020;0;0;0;0;0
39021;0;0;0;0;0
33503;0;0;0;5;30
2693;0;0;0;0;11
2718;0;0;0;0;8
37810;0;0;0;0;0
33575;0;0;0;0;0
33437;0;0;0;0;20
33419;0;0;0;0;0
33438;0;0;0;0;20
33441;0;0;0;0;20
33442;0;0;0;5;33
33439;0;0;0;5;33
11924;0;0;0;0;0
39022;0;0;0;0;0
39023;0;0;0;0;0
39024;0;0;0;0;0
39025;0;0;0;0;0
39026;0;0;0;0;0
39027;0;0;0;0;0
39028;0;0;0;0;0
39029;0;0;0;0;0
33487;0;0;0;0;0
37809;0;0;0;0;0
33447;0;0;0;0;0
33449;0;0;0;23;23
8005;0;0;0;0;0
8002;0;0;0;0;0
8635;0;0;0;0;0
8628;0;0;0;0;0
8636;0;0;0;0;0
38863;0;0;0;0;0
38861;0;0;0;0;0
38864;0;0;0;0;0
38865;0;0;0;0;0
38867;0;0;0;0;0
38868;0;0;0;0;0
38869;0;0;0;0;0
38870;0;0;0;0;0
38871;0;0;0;0;0
28842;0;0;11;44;119
28866;0;0;0;7;44
33176;0;0;0;7;67
28833;0;0;0;19;30
28834;0;0;0;11;47
28832;0;0;0;0;0
33014;0;0;0;0;0
33015;0;0;0;0;6
33013;0;0;0;0;0
33012;0;0;0;0;0
33010;0;0;0;39;39
28838;0;0;0;33;41
8630;0;0;0;0;0
39310;0;0;0;0;0
39312;0;0;0;0;0
38929;0;0;0;0;0
38934;0;0;0;0;0
38935;0;0;0;0;0
38936;0;0;0;0;0
38938;0;0;0;0;0
38939;0;0;0;0;0
38933;0;0;0;0;0
38855;0;0;0;0;0
38859;0;0;0;0;0
38857;0;0;0;0;0
37680;0;0;0;0;0
37681;0;0;0;0;0
37721;0;0;0;0;0
37694;0;0;0;0;0
37695;0;0;0;0;0
37696;0;0;0;0;0
37697;0;0;0;0;0
37698;0;0;0;0;0
37699;0;0;0;0;0
37701;0;0;0;0;0
37702;0;0;0;0;0
38872;0;0;0;0;0
38873;0;0;0;0;0
38874;0;0;0;0;0
38875;0;0;0;0;0
38876;0;0;0;0;0
38877;0;0;0;0;0
38878;0;0;0;0;0
38911;0;0;0;0;0
39313;0;0;0;0;0
38912;0;0;0;0;0
37704;0;0;0;0;0
33492;0;0;0;0;0
38854;0;0;0;0;0
38923;0;0;0;0;0
38920;0;0;0;0;0
38922;0;0;0;0;0
38924;0;0;0;0;0
39314;0;0;0;0;0
38925;0;0;0;0;0
38926;0;0;0;0;0
38928;0;0;0;0;0
39315;0;0;0;0;0
32956;0;0;0;0;5
2382;0;0;0;6;6
2368;0;0;0;29;40
2384;0;0;0;7;7
38916;0;0;0;0;0
36972;0;0;0;0;0
38943;0;0;0;0;0
38944;0;0;0;0;0
38945;0;0;0;0;0
38942;0;0;0;0;0
38946;0;0;0;0;0
38947;0;0;0;0;0
38948;0;0;0;0;0
38949;0;0;0;0;0
38950;0;0;0;0;0
38952;0;0;0;0;0
38953;0;0;0;0;0
38941;0;0;0;0;0
26573;0;0;0;0;26
26574;0;0;0;0;0
33332;0;0;0;0;0
33333;0;0;0;0;19
33335;0;0;0;0;0
33336;0;0;0;25;50
33329;0;0;0;17;17
33338;0;0;0;0;0
11052;0;0;0;0;0
9356;0;0;0;0;0
33331;0;0;0;0;16
33535;0;0;0;0;0
38048;0;0;0;0;0
19387;0;0;0;0;1
2396;0;0;0;8;27
33518;0;0;0;0;0
33525;0;0;0;0;0
33527;0;0;0;0;0
38011;0;0;0;0;0
33533;0;0;0;0;0
8249;0;0;0;0;0
33044;0;0;0;0;0
33047;0;0;23;37;72
33048;0;0;5;41;41
38043;0;0;0;0;0
38999;0;0;0;0;0
38983;0;0;0;0;0
38985;0;0;0;0;0
38988;0;0;0;0;0
38991;0;0;0;0;0
38994;0;0;0;0;0
38996;0;0;0;0;0
38035;0;0;0;0;0
38030;0;0;0;0;0
38019;0;0;0;0;0
38021;0;0;0;0;0
38028;0;0;0;0;0
33584;0;0;0;0;0
38033;0;0;0;0;0
38036;0;0;0;0;0
38040;0;0;0;0;0
33027;0;0;0;0;0
28810;0;0;0;0;0
28806;0;0;0;13;52
24852;0;0;0;11;11
34398;0;0;0;80;203
36700;0;0;0;0;45
36710;0;0;0;81;81
29053;0;0;0;0;6
37709;0;0;0;0;0
37708;0;0;0;0;0
37707;0;0;0;0;0
23269;0;0;0;0;0
27561;0;0;0;0;13
28926;0;0;0;0;0
27549;0;0;0;0;34
20835;0;0;0;0;9
1827;0;0;0;8;8
35218;0;0;0;0;0
35217;0;0;0;0;0
29066;0;0;11;23;31
27564;0;0;0;0;17
27569;0;0;0;0;0
27558;0;0;0;0;0
1240;0;0;0;0;0
2363;0;0;0;88;211
2451;0;0;0;88;211
2448;0;0;0;88;211
2452;0;0;0;88;211
2449;0;0;0;0;0
2453;0;0;0;88;211
2450;0;0;0;88;211
2428;0;0;0;88;211
2429;0;0;0;88;211
2427;0;0;0;88;211
2426;0;0;0;88;211
39004;0;0;0;0;0
2964;0;0;0;0;0
36801;0;0;6;19;33
39008;0;0;0;0;0
39011;0;0;0;0;0
39013;0;0;0;0;0
39010;0;0;0;0;0
39037;0;0;0;0;0
39038;0;0;0;0;0
39039;0;0;0;0;0
39042;0;0;0;0;0
39045;0;0;0;0;0
39040;0;0;0;0;0
39043;0;0;0;0;0
39044;0;0;0;0;0
39046;0;0;0;0;0
39047;0;0;0;0;0
39049;0;0;0;0;0
39050;0;0;0;0;0
39052;0;0;0;0;0
39053;0;0;0;0;0
21820;0;0;0;0;36
39059;0;0;0;0;0
39054;0;0;0;0;0
39055;0;0;0;0;0
39057;0;0;0;0;0
39058;0;0;0;0;0
37528;0;0;0;0;0
36975;0;0;0;0;0
36976;0;0;0;0;0
2215;0;0;0;88;211
2221;0;0;0;0;0
2225;0;0;0;88;211
2182;0;0;0;0;0
2172;0;0;0;0;0
2186;0;0;0;0;0
2188;0;0;0;0;0
2190;0;0;0;88;211
2169;0;0;0;0;0
2170;0;0;0;0;0
2234;0;0;0;0;0
2236;0;0;0;0;0
2237;0;0;0;0;0
2070;0;0;0;0;0
2205;0;0;0;0;0
2073;0;0;0;0;0
2077;0;0;0;0;0
2212;0;0;0;0;0
2238;0;0;0;0;0
2239;0;0;0;9;22
2240;0;0;0;0;16
22329;0;0;0;30;41
22354;0;0;0;0;47
37710;0;0;0;0;0
23512;0;0;0;31;47
36857;0;0;0;0;0
32843;0;0;0;0;11
3028;0;0;0;0;11
33341;0;0;0;0;0
33340;0;0;0;20;41
33343;0;0;0;0;25
2627;0;0;0;17;35
33650;0;0;0;0;0
30041;0;0;0;0;2
30043;0;0;6;31;31
30042;0;0;0;2;5
30044;0;0;0;0;20
28688;0;0;0;9;9
30045;0;0;0;0;18
30046;0;0;0;0;0
30048;0;0;0;0;20
28694;0;0;0;0;0
28695;0;0;0;0;24
28697;0;0;0;0;0
39060;0;0;0;0;0
36977;0;0;0;0;0
36978;0;0;0;0;0
36979;0;0;0;0;0
39063;0;0;0;0;0
39064;0;0;0;0;0
39065;0;0;0;0;0
39066;0;0;0;0;0
39068;0;0;0;0;0
39070;0;0;0;0;0
39071;0;0;0;0;0
39073;0;0;0;0;0
39072;0;0;0;0;0
39074;0;0;0;0;0
39075;0;0;0;0;0
39076;0;0;0;0;0
39077;0;0;0;0;0
39079;0;0;0;0;0
39080;0;0;0;0;0
39084;0;0;0;0;0
39085;0;0;0;0;0
39086;0;0;0;0;0
39089;0;0;0;0;0
39087;0;0;0;0;0
39088;0;0;0;0;0
39090;0;0;0;0;0
39091;0;0;0;0;0
39093;0;0;0;0;0
39094;0;0;0;0;0
39095;0;0;0;0;0
38931;0;0;0;0;0
38937;0;0;0;0;0
38959;0;0;0;0;0
38961;0;0;0;0;0
38966;0;0;0;0;0
38058;0;0;0;0;0
38977;0;0;0;0;0
38978;0;0;0;0;0
33612;0;0;0;0;0
39067;0;0;0;0;0
38968;0;0;0;0;0
38971;0;0;0;0;0
38974;0;0;0;0;0
39030;0;0;0;0;0
39031;0;0;0;0;0
39032;0;0;0;0;0
39033;0;0;0;0;0
38984;0;0;0;0;0
38987;0;0;0;0;0
39035;0;0;0;0;0
39034;0;0;0;0;0
39036;0;0;0;0;0
27420;0;0;0;0;15
37740;0;0;0;0;0
33054;0;0;0;0;0
33053;0;0;0;6;6
32989;0;0;0;0;0
32994;0;0;0;0;0
32998;0;0;0;0;0
32987;0;0;0;0;0
33006;0;0;0;0;0
32977;0;0;0;0;0
33005;0;0;0;0;0
2311;0;0;0;1;9
33055;0;0;0;0;0
33060;0;0;0;0;0
20688;0;0;0;0;0
20687;0;0;0;0;0
39041;0;0;0;0;0
39051;0;0;0;0;0
39048;0;0;0;0;0
39056;0;0;0;0;0
39098;0;0;0;0;0
39096;0;0;0;0;0
39097;0;0;0;0;0
39099;0;0;0;0;0
37771;0;0;0;0;0
36580;0;0;0;23;25
36284;0;0;0;0;0
37634;0;0;0;0;0
37636;0;0;0;0;0
37600;0;0;0;0;0
37604;0;0;0;0;0
37569;0;0;0;0;0
37572;0;0;0;0;0
37628;0;0;0;0;0
37566;0;0;0;0;0
37606;0;0;0;0;0
37607;0;0;0;0;0
37608;0;0;0;0;0
37609;0;0;0;0;0
37610;0;0;0;0;0
1636;0;0;0;0;0
1643;0;0;0;0;15
39100;0;0;0;0;0
39103;0;0;0;0;0
2367;0;0;0;0;6
33699;0;0;0;0;0
33700;0;0;0;0;0
33701;0;0;0;0;0
33702;0;0;0;0;0
33704;0;0;0;0;0
33705;0;0;0;0;0
33706;0;0;0;0;0
33707;0;0;0;0;0
33708;0;0;0;0;0
20679;0;0;0;0;0
20676;0;0;0;0;0
39106;0;0;0;0;0
33761;0;0;0;0;6
33762;0;0;0;0;0
26593;0;0;0;0;0
11321;0;0;0;0;0
33766;0;0;0;0;0
33765;0;0;0;0;0
11278;0;0;0;11;16
33764;0;0;0;0;0
33767;0;0;0;8;8
35208;0;0;0;0;33
38279;0;0;0;0;0
38305;0;0;0;0;0
38280;0;0;0;0;0
38278;0;0;0;0;0
38277;0;0;0;0;0
37338;0;0;0;0;0
37339;0;0;0;0;0
37343;0;0;0;0;0
37374;0;0;0;0;0
37375;0;0;0;0;0
37377;0;0;0;0;0
36942;0;0;0;0;0
36932;0;0;0;0;0
37191;0;0;0;0;0
37192;0;0;0;0;0
37158;0;0;0;0;0
37161;0;0;0;0;0
37162;0;0;0;0;0
37163;0;0;0;0;0
37164;0;0;0;0;0
37166;0;0;0;0;0
10193;0;0;0;0;42
34268;0;0;0;0;16
39092;0;0;0;0;0
34367;0;0;0;0;0
34384;0;0;0;0;0
39108;0;0;0;0;0
39109;0;0;0;0;0
39113;0;0;0;0;0
39116;0;0;0;0;0
34327;0;0;0;0;19
33710;0;0;0;0;22
25885;0;0;0;2;2
38323;0;0;0;0;0
38317;0;0;0;0;0
37684;0;0;0;0;0
37682;0;0;0;0;0
37673;0;0;0;0;0
37685;0;0;0;0;0
37683;0;0;0;0;0
37677;0;0;0;0;0
38012;0;0;0;0;0
38137;0;0;0;0;0
38009;0;0;0;0;0
38138;0;0;0;0;0
38016;0;0;0;0;0
38017;0;0;0;0;0
24919;0;0;0;0;0
24927;0;0;0;0;0
1978;0;0;0;0;0
38142;0;0;0;0;0
38140;0;0;0;0;0
38047;0;0;0;0;0
38039;0;0;0;0;0
27586;0;0;0;0;0
28702;0;0;0;0;0
28708;0;0;0;0;33
32859;0;0;0;0;0
36429;0;0;0;0;0
36896;0;0;0;0;0
36674;0;0;0;0;55
36690;0;0;0;0;44
36691;0;0;0;14;66
36895;0;0;0;0;0
36944;0;0;0;0;0
38771;0;0;0;0;0
38774;0;0;0;0;0
38773;0;0;0;0;0
38766;0;0;0;0;0
38767;0;0;0;0;0
38770;0;0;0;0;0
38768;0;0;0;0;0
38761;0;0;0;0;0
38762;0;0;0;0;0
38765;0;0;0;0;0
38772;0;0;0;0;0
34371;0;0;0;0;0
23503;0;0;0;0;0
23508;0;0;0;0;0
23509;0;0;0;0;0
25613;0;0;0;18;56
25614;0;0;0;0;0
2083;0;0;0;1;1
6755;0;0;0;0;7
2416;0;0;0;0;9
2224;0;0;0;0;0
6725;0;0;0;0;5
2407;0;0;0;0;5
2414;0;0;0;0;0
2411;0;0;0;0;8
23483;0;0;0;0;0
32991;0;0;0;0;20
39119;0;0;0;0;0
39122;0;0;0;0;0
39124;0;0;0;0;0
39129;0;0;0;0;0
33344;0;0;0;0;0
33289;0;0;0;15;15
33290;0;0;0;0;0
33291;0;0;0;0;0
33286;0;0;0;0;35
33287;0;0;0;0;0
33288;0;0;0;0;0
39131;0;0;0;0;0
39143;0;0;0;0;0
39150;0;0;0;0;0
33279;0;0;0;10;38
39153;0;0;0;0;0
39277;0;0;0;0;0
33233;0;0;0;0;0
33234;0;0;0;0;0
33282;0;0;0;0;30
39278;0;0;0;0;0
39284;0;0;0;0;0
39285;0;0;0;0;0
39287;0;0;0;0;0
39297;0;0;0;0;0
39298;0;0;0;0;0
39300;0;0;0;0;0
39301;0;0;0;0;0
39302;0;0;0;0;0
39303;0;0;0;0;0
39290;0;0;0;0;0
39291;0;0;0;0;0
39292;0;0;0;0;0
39293;0;0;0;0;0
39294;0;0;0;0;0
39295;0;0;0;0;0
37852;0;0;0;0;0
39288;0;0;0;0;0
39289;0;0;0;0;0
33276;0;0;8;8;8
33273;0;0;0;0;0
33349;0;0;0;0;10
33348;0;0;0;0;0
39309;0;0;0;0;0
33345;0;0;0;0;28
33257;0;0;0;0;0
33243;0;0;0;0;0
33260;0;0;0;0;0
33245;0;0;0;1;1
33258;0;0;0;0;25
33263;0;0;0;0;0
33259;0;0;0;20;20
33267;0;0;0;12;12
33250;0;0;0;0;0
33244;0;0;0;0;0
33262;0;0;0;0;0
33269;0;0;0;0;0
33247;0;0;0;0;0
39311;0;0;0;0;0
9360;0;0;0;0;0
33380;0;0;0;0;0
33426;0;0;0;0;0
2822;0;0;0;21;39
37874;0;0;0;0;0
33560;0;0;0;0;6
8711;0;0;0;0;0
8712;0;0;0;0;0
33562;0;0;0;0;0
32900;0;0;0;0;0
19438;0;0;0;2;4
8716;0;0;0;0;0
33272;0;0;0;0;0
37847;0;0;0;0;0
9361;0;0;0;5;25
37822;0;0;0;0;0
37834;0;0;0;0;0
33465;0;0;0;0;9
38160;0;0;0;0;0
38162;0;0;0;0;0
38163;0;0;0;0;0
38157;0;0;0;0;0
38158;0;0;0;0;0
38159;0;0;0;0;0
33339;0;0;0;0;0
32913;0;0;0;0;0
33515;0;0;0;0;24
2365;0;0;0;0;0
33463;0;0;0;0;0
33516;0;0;0;0;0
37815;0;0;0;0;0
38128;0;0;0;0;0
38155;0;0;0;0;0
37866;0;0;0;0;0
33517;0;0;0;0;0
33475;0;0;0;0;16
33477;0;0;0;0;0
39286;0;0;0;0;0
2723;0;0;0;0;0
2669;0;0;0;0;0
33522;0;0;0;0;0
3065;0;0;0;0;0
33557;0;0;0;0;0
33621;0;0;0;0;0
33568;0;0;0;0;0
33624;0;0;0;0;0
2695;0;0;0;0;0
2610;0;0;0;0;0
2622;0;0;0;0;0
33631;0;0;0;0;0
33576;0;0;0;0;15
33554;0;0;0;0;0
33567;0;0;0;0;0
33623;0;0;0;0;0
33280;0;0;0;0;0
33277;0;0;0;0;0
37812;0;0;0;0;0
2732;0;0;0;13;25
2621;0;0;0;0;0
2623;0;0;0;0;0
37873;0;0;0;0;0
33524;0;0;0;0;6
33564;0;0;0;0;0
33629;0;0;0;0;0
33633;0;0;0;0;0
37881;0;0;0;0;0
33622;0;0;0;0;13
39304;0;0;0;0;0
39305;0;0;0;0;0
39306;0;0;0;0;0
39307;0;0;0;0;0
39308;0;0;0;0;0
33481;0;0;0;0;0
33627;0;0;0;0;0
33625;0;0;0;0;0
33626;0;0;0;0;0
2496;0;0;0;0;0
33482;0;0;0;0;0
33237;0;0;0;0;0
33238;0;0;0;0;0
33240;0;0;0;0;0
33253;0;0;0;0;0
33628;0;0;0;0;0
32850;0;0;0;0;0
33635;0;0;0;0;0
34162;0;0;0;17;17
1737;0;0;0;6;23
1745;0;0;0;0;6
23558;0;0;12;34;99
27678;0;0;0;1;66
37546;0;0;0;0;0
27744;0;0;0;0;12
27743;0;0;0;0;4
39102;0;0;0;0;0
26399;0;0;0;0;0
26402;0;0;0;15;17
19702;0;0;0;0;6
1573;0;0;0;0;11
26085;0;0;0;0;2
26328;0;0;0;0;0
26329;0;0;0;0;0
1571;0;0;0;0;26
36272;0;0;0;0;23
37539;0;0;0;0;0
37541;0;0;0;0;0
37543;0;0;0;0;0
37527;0;0;0;0;0
37529;0;0;0;0;0
37530;0;0;0;0;0
37531;0;0;0;0;0
37520;0;0;0;0;0
37521;0;0;0;0;0
37522;0;0;0;0;0
37525;0;0;0;0;0
37526;0;0;0;0;0
38541;0;0;0;0;0
38542;0;0;0;0;0
38543;0;0;0;0;0
38544;0;0;0;0;0
38545;0;0;0;0;0
38546;0;0;0;0;0
37819;0;0;0;0;0
37824;0;0;0;0;0
39155;0;0;0;0;0
39238;0;0;0;0;0
8723;0;0;0;5;40
2820;0;0;0;23;23
39133;0;0;0;0;0
39134;0;0;0;0;0
39137;0;0;0;0;0
37984;0;0;0;0;0
39139;0;0;0;0;0
37986;0;0;0;0;0
33640;0;0;0;0;0
39144;0;0;0;0;0
39141;0;0;0;0;0
39149;0;0;0;0;0
39154;0;0;0;0;0
39152;0;0;0;0;0
39173;0;0;0;0;0
39172;0;0;0;0;0
39169;0;0;0;0;0
39212;0;0;0;0;0
39195;0;0;0;0;0
39218;0;0;0;0;0
39239;0;0;0;0;0
39220;0;0;0;0;0
39223;0;0;0;0;0
39221;0;0;0;0;0
39224;0;0;0;0;0
39225;0;0;0;0;0
39228;0;0;0;0;0
39231;0;0;0;0;0
39234;0;0;0;0;0
39179;0;0;0;0;0
39182;0;0;0;0;0
39240;0;0;0;0;0
39242;0;0;0;0;0
39243;0;0;0;0;0
39245;0;0;0;0;0
33645;0;0;0;0;0
3006;0;0;0;3;3
33644;0;0;0;5;13
39246;0;0;0;0;0
39248;0;0;0;0;0
39249;0;0;0;0;0
39250;0;0;0;0;0
39253;0;0;0;0;0
39251;0;0;0;0;0
39254;0;0;0;0;0
2997;0;0;0;0;18
39256;0;0;0;0;0
39259;0;0;0;0;0
39272;0;0;0;0;0
39266;0;0;0;0;0
39265;0;0;0;0;0
39262;0;0;0;0;0
39261;0;0;0;0;0
33659;0;0;0;0;17
33713;0;0;0;0;21
33648;0;0;0;0;6
33649;0;0;0;0;6
33353;0;0;0;0;0
33351;0;0;0;0;0
33321;0;0;0;2;2
33323;0;0;0;0;0
33297;0;0;0;0;0
33298;0;0;0;0;13
33299;0;0;0;0;0
33312;0;0;0;0;0
33313;0;0;0;0;27
33311;0;0;0;0;0
33352;0;0;0;0;0
33350;0;0;0;0;14
33318;0;0;0;0;0
33316;0;0;0;20;20
33326;0;0;0;0;0
33327;0;0;0;0;1
38066;0;0;0;0;0
38069;0;0;0;0;0
38063;0;0;0;0;0
38065;0;0;0;0;0
2853;0;0;0;0;0
39151;0;0;0;0;0
39158;0;0;0;0;0
39161;0;0;0;0;0
39163;0;0;0;0;0
39165;0;0;0;0;0
39167;0;0;0;0;0
39168;0;0;0;0;0
37827;0;0;0;0;0
33523;0;0;0;0;0
33528;0;0;0;0;0
33532;0;0;0;0;0
39146;0;0;0;0;0
39166;0;0;0;0;0
37988;0;0;0;0;0
19388;0;0;0;0;0
39171;0;0;0;0;0
39175;0;0;0;0;0
39178;0;0;0;0;0
39181;0;0;0;0;0
39183;0;0;0;0;0
39185;0;0;0;0;0
39187;0;0;0;0;0
39190;0;0;0;0;0
39193;0;0;0;0;0
39210;0;0;0;0;0
39211;0;0;0;0;0
39213;0;0;0;0;0
39214;0;0;0;0;0
39215;0;0;0;0;0
39216;0;0;0;0;0
39217;0;0;0;0;0
39219;0;0;0;0;0
39222;0;0;0;0;0
39226;0;0;0;0;0
39227;0;0;0;0;0
39229;0;0;0;0;0
39230;0;0;0;0;0
39232;0;0;0;0;0
39233;0;0;0;0;0
39148;0;0;0;0;0
39164;0;0;0;0;0
39157;0;0;0;0;0
39159;0;0;0;0;0
39160;0;0;0;0;0
39162;0;0;0;0;0
39174;0;0;0;0;0
39176;0;0;0;0;0
39177;0;0;0;0;0
37875;0;0;0;0;0
33620;0;0;0;0;0
32891;0;0;0;0;0
39147;0;0;0;0;0
39274;0;0;0;0;0
39235;0;0;0;0;0
39236;0;0;0;0;0
39237;0;0;0;0;0
2404;0;0;0;0;0
39156;0;0;0;0;0
33642;0;0;0;0;0
9372;0;0;0;0;0
38555;0;0;0;0;0
38556;0;0;0;0;0
19758;0;0;0;1;20
33607;0;0;0;0;0
33605;0;0;0;0;0
33604;0;0;0;0;0
33603;0;0;0;0;0
33601;0;0;0;0;0
33599;0;0;0;0;0
33593;0;0;0;0;0
33592;0;0;0;0;0
33591;0;0;0;0;0
36880;0;0;0;0;0
36882;0;0;0;33;33
38068;0;0;0;0;0
38136;0;0;0;0;0
38075;0;0;0;0;0
38071;0;0;0;0;0
38064;0;0;0;0;0
38139;0;0;0;0;0
38102;0;0;0;0;0
22290;0;0;0;0;32
37194;0;0;0;0;0
37193;0;0;0;0;0
37195;0;0;0;0;0
30683;0;0;0;0;0
36951;0;0;0;0;0
36952;0;0;0;11;11
19750;0;0;0;1;1
36303;0;0;0;0;0
32844;0;0;0;0;8
32972;0;0;0;0;0
32975;0;0;23;25;32
9379;0;0;0;0;0
32939;0;0;7;11;11
32943;0;0;0;7;7
9380;0;0;0;0;0
37301;0;0;0;0;0
37300;0;0;0;0;0
39069;0;0;0;0;0
39062;0;0;0;0;0
36958;0;0;5;5;5
36960;0;0;0;0;0
38085;0;0;0;0;0
22396;0;0;0;0;0
24050;0;0;0;0;12
32966;0;0;0;0;0
32964;0;0;0;0;0
32968;0;0;0;0;0
32974;0;0;0;6;6
37722;0;0;0;0;0
37723;0;0;0;0;0
9382;0;0;0;0;0
38003;0;0;0;0;0
36064;0;0;0;0;24
36061;0;0;0;20;20
36060;0;0;0;0;23
36874;0;0;0;0;0
36875;0;0;0;0;0
36876;0;0;0;39;40
36903;0;0;0;0;0
36904;0;0;0;0;0
36905;0;0;0;0;0
36912;0;0;0;0;0
36913;0;0;0;0;0
36906;0;0;0;0;0
36907;0;0;0;0;0
36908;0;0;0;0;0
36883;0;0;0;0;0
36911;0;0;0;19;19
36890;0;0;0;0;0
36891;0;0;0;0;0
36888;0;0;0;0;0
2462;0;0;0;0;7
26316;0;0;0;0;0
26314;0;0;0;0;0
26319;0;0;0;0;5
2142;0;0;0;0;0
27499;0;0;0;0;4
26272;0;0;0;0;6
2201;0;0;0;0;0
2121;0;0;0;0;0
26269;0;0;0;0;0
2204;0;0;0;0;0
26266;0;0;0;0;0
26265;0;0;0;0;0
26261;0;0;0;0;0
25890;0;0;0;0;0
26220;0;0;0;0;0
2211;0;0;0;0;0
2214;0;0;0;0;6
26223;0;0;0;0;0
26219;0;0;0;0;0
19694;0;0;0;0;0
22982;0;0;0;0;32
22984;0;0;0;0;0
285;0;0;0;0;0
279;0;0;0;0;0
281;0;0;0;1;1
37303;0;0;0;0;0
37304;0;0;0;0;0
37305;0;0;0;0;0
37400;0;0;0;0;0
36279;0;0;0;0;0
37401;0;0;0;0;0
37299;0;0;0;0;0
25429;0;0;0;0;13
34108;0;0;5;94;190
38050;0;0;0;0;0
34399;0;0;0;80;203
28363;0;0;0;0;106
38284;0;0;0;0;0
27563;0;0;0;12;21
28430;0;0;0;0;10
27557;0;0;0;13;13
27545;0;0;0;0;46
27566;0;0;0;25;45
1826;0;0;0;0;0
37706;0;0;0;0;0
34615;0;0;0;7;10
28867;0;0;0;0;0
2965;0;0;0;0;0
2968;0;0;0;0;0
39061;0;0;0;0;0
38286;0;0;0;0;0
38285;0;0;0;0;0
6634;0;0;0;0;0
38298;0;0;0;0;0
35820;0;0;0;2;31
36991;0;0;0;0;0
36988;0;0;0;0;0
36993;0;0;0;0;0
36989;0;0;0;0;0
36992;0;0;0;0;0
36990;0;0;0;0;0
36985;0;0;0;0;0
36971;0;0;0;0;0
39081;0;0;0;0;0
39082;0;0;0;0;0
39083;0;0;0;0;0
25423;0;0;0;0;0
32549;0;0;0;0;11
32548;0;0;0;0;0
38599;0;0;0;0;0
38600;0;0;0;0;0
36994;0;0;0;0;0
36969;0;0;0;0;0
38613;0;0;0;0;0
38610;0;0;0;0;0
36950;0;0;0;0;0
32988;0;0;0;0;0
32996;0;0;0;0;0
37900;0;0;0;0;0
37901;0;0;0;0;0
38004;0;0;0;0;0
37805;0;0;0;0;0
38616;0;0;0;0;0
37461;0;0;0;0;0
38683;0;0;0;0;0
38682;0;0;0;0;0
38688;0;0;0;0;0
32979;0;0;0;0;0
32981;0;0;0;0;0
32982;0;0;0;0;0
33022;0;0;0;0;0
33023;0;0;0;0;0
32969;0;0;0;0;0
33019;0;0;0;0;0
32971;0;0;0;0;0
33020;0;0;0;0;0
32973;0;0;0;0;0
32976;0;0;0;0;4
33021;0;0;0;0;0
33717;0;0;0;0;0
2331;0;0;0;0;13
32940;0;0;0;0;13
2678;0;0;8;16;16
33654;0;0;0;0;0
37916;0;0;0;0;0
2326;0;0;0;0;20
9415;0;0;0;0;0
38165;0;0;0;0;0
38164;0;0;0;0;0
37855;0;0;0;0;0
37856;0;0;0;0;0
3113;0;0;0;0;0
33732;0;0;0;0;0
33728;0;0;0;15;15
33730;0;0;0;0;26
33731;0;0;0;0;9
33727;0;0;0;0;25
33726;0;0;0;2;15
33469;0;0;0;0;1
33467;0;0;0;20;20
9416;0;0;0;0;0
37742;0;0;0;0;0
2324;0;0;0;0;45
5557;0;0;0;0;0
8593;0;0;0;0;0
8027;0;0;0;0;0
33357;0;0;0;0;0
33588;0;0;0;0;0
5554;0;0;0;0;0
3023;0;0;0;9;9
32984;0;0;0;0;0
33735;0;0;0;0;23
33729;0;0;0;0;0
37844;0;0;0;0;0
37843;0;0;0;0;0
37841;0;0;0;0;0
9392;0;0;0;0;0
5293;0;0;0;18;79
33742;0;0;0;0;0
2897;0;0;0;0;44
33738;0;0;0;9;9
33753;0;0;0;4;4
33739;0;0;0;6;6
33752;0;0;0;0;0
33756;0;0;0;0;0
2899;0;0;0;0;0
33755;0;0;0;0;0
32960;0;0;0;0;0
33745;0;0;0;0;0
33744;0;0;0;0;0
32961;0;0;5;12;12
32954;0;0;0;0;0
2901;0;0;0;0;0
33746;0;0;0;0;0
33747;0;0;0;0;0
33748;0;0;0;0;0
33741;0;0;0;0;0
32962;0;0;5;12;12
32957;0;0;0;2;2
3084;0;0;0;0;0
33749;0;0;0;0;0
33750;0;0;0;0;0
33751;0;0;0;0;0
33759;0;0;0;0;0
34170;0;0;0;26;26
34171;0;0;0;0;0
37658;0;0;0;0;0
28486;0;0;0;9;43
21374;0;0;9;18;34
35705;0;0;0;0;0
35707;0;0;0;0;0
36574;0;0;0;52;75
35512;0;0;0;0;0
35513;0;0;0;0;0
35516;0;0;0;0;0
35517;0;0;0;44;66
35518;0;0;0;0;0
35520;0;0;0;0;0
35506;0;0;0;0;0
35523;0;0;0;0;0
35524;0;0;0;0;0
35504;0;0;0;0;0
35505;0;0;0;0;0
35521;0;0;0;0;0
36761;0;0;0;0;19
36762;0;0;0;0;0
36763;0;0;0;38;58
36766;0;0;0;0;0
36756;0;0;0;0;0
36774;0;0;0;38;66
36773;0;0;0;33;33
36771;0;0;0;0;0
36769;0;0;0;0;0
36764;0;0;0;32;32
36775;0;0;0;38;88
37713;0;0;0;0;0
33354;0;0;0;0;0
33355;0;0;0;0;0
33580;0;0;0;0;6
38449;0;0;0;0;0
38601;0;0;0;0;0
38603;0;0;0;0;0
38605;0;0;0;0;0
38731;0;0;0;0;0
38735;0;0;0;0;0
38736;0;0;0;0;0
38491;0;0;0;0;0
38495;0;0;0;0;0
38617;0;0;0;0;0
38622;0;0;0;0;0
38623;0;0;0;0;0
38620;0;0;0;0;0
38532;0;0;0;0;0
38737;0;0;0;0;0
38757;0;0;0;0;0
38739;0;0;0;0;0
38380;0;0;0;0;0
38379;0;0;0;0;0
38384;0;0;0;0;0
38349;0;0;0;0;0
38353;0;0;0;0;0
38332;0;0;0;0;0
38333;0;0;0;0;0
38335;0;0;0;0;0
38337;0;0;0;0;0
38338;0;0;0;0;0
38726;0;0;0;0;0
38728;0;0;0;0;0
38723;0;0;0;0;0
38390;0;0;0;0;0
38635;0;0;0;0;0
38636;0;0;0;0;0
38386;0;0;0;0;0
38339;0;0;0;0;0
38336;0;0;0;0;0
38709;0;0;0;0;0
38710;0;0;0;0;0
38711;0;0;0;0;0
38712;0;0;0;0;0
38713;0;0;0;0;0
38714;0;0;0;0;0
38715;0;0;0;0;0
38716;0;0;0;0;0
38717;0;0;0;0;0
38439;0;0;0;0;0
38447;0;0;0;0;0
38452;0;0;0;0;0
38341;0;0;0;0;0
38468;0;0;0;0;0
38465;0;0;0;0;0
38471;0;0;0;0;0
38640;0;0;0;0;0
38351;0;0;0;0;0
38354;0;0;0;0;0
38356;0;0;0;0;0
38357;0;0;0;0;0
38358;0;0;0;0;0
38359;0;0;0;0;0
38361;0;0;0;0;0
38401;0;0;0;0;0
38402;0;0;0;0;0
38403;0;0;0;0;0
38405;0;0;0;0;0
38406;0;0;0;0;0
38407;0;0;0;0;0
38408;0;0;0;0;0
38409;0;0;0;0;0
38410;0;0;0;0;0
38411;0;0;0;0;0
38639;0;0;0;0;0
38412;0;0;0;0;0
38414;0;0;0;0;0
38416;0;0;0;0;0
38429;0;0;0;0;0
38424;0;0;0;0;0
38417;0;0;0;0;0
38427;0;0;0;0;0
38418;0;0;0;0;0
38432;0;0;0;0;0
38458;0;0;0;0;0
38628;0;0;0;0;0
38397;0;0;0;0;0
38400;0;0;0;0;0
38445;0;0;0;0;0
38404;0;0;0;0;0
38419;0;0;0;0;0
38438;0;0;0;0;0
38440;0;0;0;0;0
38442;0;0;0;0;0
38037;0;0;0;0;0
38347;0;0;0;0;0
38758;0;0;0;0;0
38769;0;0;0;0;0
39111;0;0;0;0;0
38492;0;0;0;0;0
38493;0;0;0;0;0
38489;0;0;0;0;0
38490;0;0;0;0;0
38483;0;0;0;0;0
38488;0;0;0;0;0
38487;0;0;0;0;0
38462;0;0;0;0;0
38363;0;0;0;0;0
38718;0;0;0;0;0
38719;0;0;0;0;0
38724;0;0;0;0;0
38364;0;0;0;0;0
38548;0;0;0;0;0
38547;0;0;0;0;0
38549;0;0;0;0;0
38553;0;0;0;0;0
38557;0;0;0;0;0
38558;0;0;0;0;0
38559;0;0;0;0;0
38554;0;0;0;0;0
38561;0;0;0;0;0
38313;0;0;0;0;0
38310;0;0;0;0;0
38324;0;0;0;0;0
38563;0;0;0;0;0
38577;0;0;0;0;0
38596;0;0;0;0;0
38594;0;0;0;0;0
38595;0;0;0;0;0
39142;0;0;0;0;0
39145;0;0;0;0;0
39197;0;0;0;0;0
39209;0;0;0;0;0
39170;0;0;0;0;0
39184;0;0;0;0;0
39180;0;0;0;0;0
39186;0;0;0;0;0
39189;0;0;0;0;0
39188;0;0;0;0;0
39191;0;0;0;0;0
39192;0;0;0;0;0
39208;0;0;0;0;0
39207;0;0;0;0;0
39206;0;0;0;0;0
39199;0;0;0;0;0
39198;0;0;0;0;0
39200;0;0;0;0;0
39201;0;0;0;0;0
39203;0;0;0;0;0
39202;0;0;0;0;0
39196;0;0;0;0;0
39194;0;0;0;0;0
39204;0;0;0;0;0
39205;0;0;0;0;0
39105;0;0;0;0;0
39104;0;0;0;0;0
38598;0;0;0;0;0
38602;0;0;0;0;0
38597;0;0;0;0;0
38689;0;0;0;0;0
38669;0;0;0;0;0
38671;0;0;0;0;0
38672;0;0;0;0;0
38674;0;0;0;0;0
38675;0;0;0;0;0
38670;0;0;0;0;0
38673;0;0;0;0;0
38618;0;0;0;0;0
38619;0;0;0;0;0
38685;0;0;0;0;0
38680;0;0;0;0;0
38678;0;0;0;0;0
38679;0;0;0;0;0
38681;0;0;0;0;0
38686;0;0;0;0;0
38684;0;0;0;0;0
38687;0;0;0;0;0
38677;0;0;0;0;0
38690;0;0;0;0;0
38345;0;0;0;0;0
38365;0;0;0;0;0
38329;0;0;0;0;0
38328;0;0;0;0;0
38725;0;0;0;0;0
38722;0;0;0;0;0
38369;0;0;0;0;0
38368;0;0;0;0;0
38370;0;0;0;0;0
38727;0;0;0;0;0
38372;0;0;0;0;0
38373;0;0;0;0;0
38374;0;0;0;0;0
38371;0;0;0;0;0
38535;0;0;0;0;0
27948;4;33;59;148;271
39438;0;0;0;0;0
39440;0;0;0;0;0
39345;0;0;0;0;0
39299;0;0;0;0;0
39349;0;0;0;0;0
39379;0;0;0;0;0
39377;0;0;0;0;0
39387;0;0;0;0;0
39391;0;0;0;0;0
39389;0;0;0;0;0
39390;0;0;0;0;0
39371;0;0;0;0;0
39373;0;0;0;0;0
39378;0;0;0;0;0
39380;0;0;0;0;0
39383;0;0;0;0;0
39388;0;0;0;0;0
39392;0;0;0;0;0
39360;0;0;0;0;0
39364;0;0;0;0;0
39397;0;0;0;0;0
39398;0;0;0;0;0
39381;0;0;0;0;0
39382;0;0;0;0;0
39385;0;0;0;0;0
39394;0;0;0;0;0
39395;0;0;0;0;0
39384;0;0;0;0;0
39404;0;0;0;0;0
39405;0;0;0;0;0
39406;0;0;0;0;0
39407;0;0;0;0;0
39408;0;0;0;0;0
39409;0;0;0;0;0
39410;0;0;0;0;0
39411;0;0;0;0;0
39412;0;0;0;0;0
39413;0;0;0;0;0
39414;0;0;0;0;0
39415;0;0;0;0;0
39416;0;0;0;0;0
39417;0;0;0;0;0
39419;0;0;0;0;0
39421;0;0;0;0;0
39427;0;0;0;0;0
39429;0;0;0;0;0
39431;0;0;0;0;0
39433;0;0;0;0;0
39435;0;0;0;0;0
39437;0;0;0;0;0
39439;0;0;0;0;0
39441;0;0;0;0;0
39346;0;0;0;0;0
39352;0;0;0;0;0
39356;0;0;0;0;0
39393;0;0;0;0;0
39369;0;0;0;0;0
39353;0;0;0;0;0
39354;0;0;0;0;0
39355;0;0;0;0;0
39357;0;0;0;0;0
39358;0;0;0;0;0
39359;0;0;0;0;0
39361;0;0;0;0;0
39343;0;0;0;0;0
39362;0;0;0;0;0
39344;0;0;0;0;0
39347;0;0;0;0;0
39363;0;0;0;0;0
39348;0;0;0;0;0
39350;0;0;0;0;0
39351;0;0;0;0;0
39341;0;0;0;0;0
39396;0;0;0;0;0
39401;0;0;0;0;0
39399;0;0;0;0;0
39366;0;0;0;0;0
39370;0;0;0;0;0
39372;0;0;0;0;0
39374;0;0;0;0;0
39375;0;0;0;0;0
39376;0;0;0;0;0
39365;0;0;0;0;0
39400;0;0;0;0;0
39342;0;0;0;0;0
39367;0;0;0;0;0
39368;0;0;0;0;0
39101;0;0;0;0;0
39418;0;0;0;0;0
39422;0;0;0;0;0
39420;0;0;0;0;0
39426;0;0;0;0;0
39428;0;0;0;0;0
39424;0;0;0;0;0
39430;0;0;0;0;0
39432;0;0;0;0;0
39434;0;0;0;0;0
39436;0;0;0;0;0
